movieId,title,genres
210469,Like a Boss (2020),Comedy
210853,My Boyfriend's Meds (2020),(no genres listed)
211504,Rogue Warfare: Death of a Nation (2020),Action|War
212120,The Bet (2020),Comedy
212365,Odio l'estate (2020),Comedy
212511,Alone (2020),Thriller
212907,Holly Slept Over (2020),Comedy
212939,One-way to Moscow (2020),Comedy
213211,In Deep Sleep (2020),Drama
213213,Impractical Jokers: The Movie (2020),Comedy
213219,Lethal Kittens or how we came to Love our Shovels during a Limited Anti-Terrorist Operation with Temporary Elements of a State of War (2020),Comedy|War
213503,Charm City Kings (2020),Drama
213557,Die Känguru-Chroniken (2020),Comedy
213898,Never Rarely Sometimes Always (2020),Drama
214576,Black Milk (2020),Drama
214640,Ultras (2020),Drama
214854,Uncorked (2020),Comedy|Drama
214949,Final Kill (2020),Action
215055,Lazy Susan (2020),Comedy
215203,Tigertail (2020),Drama
215353,Minari (2020),Drama
215569,DAU. Natasha (2020),Drama
215685,Bad Trip (2020),Comedy
215841,Treasure City (2020),Drama
216127,The Roads Not Taken (2020),Drama
216354,I Carry You With Me (2020),(no genres listed)
216515,The Man Standing Next (2020),Action|Drama
216669,All Day and a Night (2020),Drama
217089,One of These Days (2020),(no genres listed)
217164,Sex and the Future (2020),Comedy
217386,Thappad (2020),Drama
217487,For the Love of Jessee (2020),(no genres listed)
217597,Klovn the Final (2020),Comedy
217717,The Lion (2020),Comedy
217719,7 ore per farti innamorare (2020),Comedy
217861,The Bellmen (2020),Comedy
217923,About a Teacher,Drama
217975,Air Conditioner (2020),Drama
218029,Fame-ish (2020),(no genres listed)
218237,Jesus (2020),Children
218453,Fast and Fierce: Death Race (2020),Action
218645,Healing River (2020),Drama
218675,Miss Juneteenth (2020),Drama
218917,Code of Thieves (2020),Action
219139,Sulphur and White (2020),Drama
219418,The Swing of Things (2020),Comedy
219430,The F**k-It List (2020),Comedy
219818,2 Minutes of Fame (2020),Comedy
219822,Gina Brillon: The Floor Is Lava (2020),Comedy
220310,Allan The Dog (2020),Comedy
220342,A Stormy Night (2020),(no genres listed)
220424,Choked: Paisa Bolta Hai (2020),Crime|Drama|Thriller
220470,Death of Nintendo (2020),Comedy|Drama
220956,Adú (2020),Drama
221302,Divine (2020),Comedy|Romance
221542,Confirmation (2020),Drama
221792,Secret Zoo (2020),Comedy
222282,The Very Excellent Mr. Dundee (2020),Comedy
222575,Pearl (2020),Drama
222591,Critical Thinking (2020),Drama
222611,Cuties (2020),Comedy|Drama
222681,Heartbeat (2020),Thriller
223031,The Binge (2020),Comedy
223081,Green Rush (2020),Action|Drama|Thriller
223318,Anti Corona Virus,(no genres listed)
223402,The Dark End of the Street (2020),Drama|Thriller
223442,Baby Done (2020),Comedy
223580,Residue (2020),Drama
223614,Guest House (2020),Comedy
223820,Tout simplement noir (2020),Comedy
223896,The Argument (2020),Comedy
223934,Narcissus and Goldmund (2020),Drama
223948,Small Country: An African Childhood (2020),Drama
224022,SOL (2020),Comedy
224184,Groeten van Gerri (2020),Comedy
224200,The Ties (2020),Drama
224204,Milestone (2020),Drama
224214,The Island of Lies (2020),Drama|Mystery|Thriller
224216,Beckman (2020),Action
224246,Forest Giant (2020),Drama
224322,A normal world (2020),Drama
224338,Pieces of a Woman (2020),Drama
224519,Brutus Vs César (2020),Adventure|Comedy
224591,Last Shot (2020),Drama
224635,Padrenostro (2020),Drama
224643,Sun Children (2020),Drama
224645,Assandira (2020),Drama
224649,The Macaluso Sisters (2020),Drama
224683,Half White (2020),(no genres listed)
224713,Up On The Glass (2020),Drama|Thriller
224721,There Is No Evil (2020),Drama
224793,A feltaláló (2020),Drama
224803,Forte (2020),Comedy
224811,Fantasy Magician (2020),Action|Drama
224877,No Filter (2020),Comedy
224885,The Surrogate (2020),Drama
224903,Rundfunk: Jachterwachter (2020),Comedy
225063,Mutiny of the Worker Bees (2020),Comedy
225145,Nomadland (2020),Drama
225485,The Boys in the Band (2020),Drama
225625,Borat Subsequent Moviefilm (2020),Comedy
225691,The Book of Sun (2020),Comedy|Drama|Thriller
225762,The Woman Who Ran (2020),Drama
225794,So Much Love to Give (2020),Comedy
225822,Surge (2020),Drama
225866,Honest Candidate (2020),Comedy
225972,Falling (2020),Drama
225990,Inspector Ike (2020),Comedy
226066,Guilt (2020),Thriller
226076,The Black Emperor of Broadway (2020),(no genres listed)
226138,Teenage Badass (2020),Comedy
226306,Faith Based (2020),Comedy
226520,Iceland Is Best (2020),Drama
226570,Any Day Now (2020),Drama
226724,The Works and Days (of Tayoko Shiojiri in the Shiotani Basin) (2020),Drama
226742,The Opening Act (2020),Comedy
226848,Beginning (2020),Drama
226982,The Whaler Boy (2020),Adventure|Drama
227020,The Best Families (2020),Comedy|Drama
227216,Bad Roads (2020),(no genres listed)
227218,Slow Machine (2020),Thriller
227961,Crazy Samurai Musashi (2020),Action
228003,Tidy Tims (2020),Comedy
228349,Miss India (2020),Drama
228561,Si muore solo da vivi (2020),Comedy
228701,S#!%head: Jordan Cantwell's Epic Quest (2020),Comedy
228855,The Life Ahead (2020),Drama
228919,Wheels of Fortune (2020),Comedy
228951,Here Are the Young Men (2020),Drama
228961,What We Wanted (2020),Drama
229207,Wander (2020),Action|Crime|Mystery|Thriller
229273,Soorarai Pottru (2020),Action|Drama
229395,Unfortunate stories (2020),Comedy
229415,Dead Reckoning (2020),Thriller
229483,One Night in Miami... (2020),Drama
229527,Nasir (2020),Drama
229751,Il talento del calabrone (2020),Thriller
229753,Identifying Features (2020),Drama
229755,Schoolgirls (2020),Drama
229799,The Last Ones (2020),Comedy|Crime|Drama
229889,Banging Lanie (2020),(no genres listed)
229953,Ashens and the Polybius Heist (2020),Comedy
230037,I Propose We Never See Each Other Again After Tonight (2020),Comedy|Romance
230111,My Salinger Year (2020),Drama
230187,A Christmas Cancellation,(no genres listed)
230231,Black Bear (2020),Drama
230499,Charter (2020),Drama
230759,Broken Law (2020),Drama
231027,Barbie & Kendra Storm Area 51 (2020),Comedy|Sci-Fi
231103,Needle Park Baby (2020),Drama
231123,Granny Nanny (2020),Comedy
231141,Past Death (2020),Thriller
231267,Leyla Everlasting (2020),Comedy
231305,Listen (2020),Drama
231907,Freshman Friday (2020),Comedy
231915,Not Quite Dead Yet (2020),Comedy
232257,Days (2020),Drama
232293,Talking to God (2020),Comedy
232401,1 Night In San Diego (2020),Comedy
232453,Ellie and Abbie (and Ellie's Dead Aunt) (2020),Comedy|Romance
232459,Funny Boy (2020),Drama
232475,Herself (2020),Drama
232597,A Deadly Place (2020),Thriller
232721,Out Of Time (2020),Drama
233099,Sweet Thing (2020),Drama
233189,Getting to Know You (2020),(no genres listed)
233333,We Still Say Grace (2020),Thriller
233539,Divorce Club (2020),Comedy
233573,Four Good Days (2020),Drama
233629,Eyimofe (This Is My Desire) (2020),Drama
233781,Break Even (2020),Action
234771,Faith Under Fire (2020),Drama
234779,The Family Tree (2020),Romance
234821,Suraj Pe Mangal Bhari (2020),Comedy|Drama
234955,Cowboys (2020),Drama
234957,The Killing of Two Lovers (2021),Drama
235003,Green Sea (2020),(no genres listed)
235107,Paper Spiders (2020),Drama
235407,Reversion (2020),Mystery|Thriller
235581,Conference (2020),Drama
235591,My Little Sister (2020),Drama
235903,The Golden Holiday (2020),Action|Comedy|Crime
235907,A Christmas Love (2020),Children|Drama
235927,One Life at a Time (2020),Drama
236111,Sweat (2020),Drama
236117,Pleasure (2021),Drama
236121,True Mothers (2020),Drama
236157,Son of Monarchs (2020),Drama
236997,One for the Road (2021),(no genres listed)
237223,Rosa's Wedding (2020),Comedy
237800,Entombed (2020),Horror|Thriller
238184,La Verónica (2020),Drama
238264,Feedback (2020),Comedy
239222,Kill Plan (2021),Thriller
239252,Luzzu (2021),Drama
239254,Mass (2021),(no genres listed)
239352,Bhoomi (2021),Drama
239382,"Goodbye, Butterfly (2021)",Thriller
239390,Working Girls (2020),Drama
239404,Dead in the Water (2021),Thriller
239856,Bigfoot: The Conspiracy (2020),Thriller
239874,s01e03 (2020),Romance
239878,Build the Wall (2020),Comedy
240224,SAS: Red Notice (2021),Action|Thriller
240300,Hive (2021),Drama
240374,Kitty Mammas (2020),Comedy
240450,Beast Beast (2020),Drama
240554,Central Park Dark (2021),Thriller
240742,King Knight (2020),Comedy|Horror
240856,Anybody Seen My Girl? (2021),Drama|Romance
241028,Me You Madness (2021),Comedy
241312,Killer Weekend (2020),Thriller
241552,Forest: I See You Everywhere (2021),Drama
241632,Asur (2020),Drama
241778,PVT Chat (2020),Drama
241898,Buladó (2020),Drama
241954,Come Here (2021),Drama
242026,Being Dead (2021),Drama
242056,Plaza (2020),Drama
242058,Directly Kakha (2020),Comedy
242060,Ballad of a White Cow (2021),Drama
242064,Beans (2021),Drama
242238,Poppy Field (2020),Drama
242312,The Mimic (2021),Comedy
242396,The Siamese Bond (2021),Drama
242734,The Infernal Walker (2020),Action|Crime|Drama|Mystery
242904,Last Call (2021),Comedy
243074,Crónica de una tormenta (2020),Drama
243270,The Outside Story (2020),Comedy|Drama
243274,Calm Before (2021),Thriller
243284,Positive Apocalypse (2021),Adventure
243368,The App That Stole Christmas (2020),Children|Comedy|Drama
243376,I'll Meet You There (2020),Drama
243412,Hey There! (2021),Comedy
243460,One Careful Owner (2020),Comedy
243604,Paper Lives (2021),Drama
243826,The Man Who Sold His Skin (2020),Drama
243838,Servants (2020),Drama
243948,Our Father's Keeper (2020),Drama
244266,Jockey (2021),Drama
244506,Like a House on Fire (2020),(no genres listed)
244902,Fully Realized Humans (2020),Comedy
244962,Buoyancy (2020),Thriller
244966,Sophie Jones (2020),Drama
245010,Mile High Escorts (2020),Thriller
245052,Hyde (2021),Thriller
245078,Minamata (2020),Drama
245136,The Fallout (2021),Drama
245498,Fatal Illusions (2020),Thriller
245500,Hypnosis (2020),Drama|Thriller
245672,The Fisherman's Diary (2020),Drama
246142,War of Likes (2021),Comedy
246946,Ernesto (2020),Drama
246966,Any Crybabies Around? (2020),Drama
247506,Lucicreide Goes to Mars (2021),Comedy
247628,My Fiona (2020),Drama
247744,"Sami, Joe und ich (2020)",Drama
247786,I'm Not Him (2021),(no genres listed)
247894,Secret Society (2021),Drama
248002,Army of One (2020),Action
248228,The American King (2020),(no genres listed)
248382,The Enormity of Life (2021),Comedy|Drama|Romance
248416,Lady of Guadalupe (2020),Drama
248420,Her Name Was Jo (2020),Adventure
248466,An Zéro (2021),Documentary|Drama
248540,Russian Raid (2020),Action
248570,Chateau Vato (2020),Comedy
248582,Taking the Fall (2021),Drama
248636,Groundswell (2020),Drama
248672,Expectant (2020),Mystery
248766,We Burn Like This (2021),Drama
248874,Reboot Camp (2020),Comedy
248876,Senior Entourage (2021),Comedy
248992,My Cousin (2020),Comedy
249136,June Again (2021),Comedy|Drama
249398,The People Upstairs (2020),Comedy
249906,Tell Me When (2020),Drama|Romance
250002,When Today Ends (2021),(no genres listed)
250208,White People Money (2021),Comedy
250370,Celts (2021),Drama
250468,Of Fish and Men (2020),Drama
250852,Plan B (2021),Comedy
250942,Golden Arm (2021),Comedy
251182,Painkiller (2021),Thriller
251190,3 Women (2020),(no genres listed)
251206,After Love (2021),Drama
251254,American Mobster: Retribution (2021),Action
251294,Night Shift (2021),Comedy|Crime
251342,Engaged in Vegas (2021),(no genres listed)
251414,Taste (2021),Drama
251636,Goodbye Honey (2021),Horror|Thriller
251948,The Get Together (2020),Comedy
252022,Asking For It (2021),Drama|Thriller
252094,Take Out Girl (2021),Drama|Thriller
252346,Milkwater (2020),Comedy|Drama
252406,"Jump, Darling (2020)",Comedy
252468,Me casé con un idiota (2019),Comedy
252650,Feral State (2021),Thriller
252656,The Dunes (2018),Thriller
252868,The Box (2021),Drama
252902,Our Own (2020),Drama
252988,Father (2020),Drama
253142,Anima (2020),Drama
253272,Violet (2021),Drama
253280,The God Committee (2021),Drama|Thriller
253316,Dutch (2021),Action
253478,Scarlett (2020),Action
253742,Rival (2020),Drama
253822,One Second Champion (2021),(no genres listed)
253910,Nowhere Special (2021),Drama
253940,Why We Breathe (2020),Drama
253962,Security (2021),Thriller
253978,Uncle Vanya (2020),Comedy|Drama
254022,Triumph (2021),Drama
254048,Unclenching the Fists (2021),Drama
254098,The Restoration (2020),Comedy|Drama
254204,Kamali from Nadukkaveri (2021),Drama|Romance
254424,Deception (2021),Romance
254434,Suzanna Andler (2021),Drama
254500,Itomichi (2021),Drama
254510,Before Next Spring (2021),Comedy
254574,Off the Rails (2021),Comedy|Drama
254710,Love Spreads (2021),Comedy|Drama
254722,Cry Macho (2021),Drama|Thriller|Western
254758,The Greenhouse (2021),Drama|Fantasy
254796,Reunion 3: Singles Cruise (2021),Comedy
255027,Church People (2021),Comedy
255265,Slate (2020),Action|Comedy
255491,The Justice of Bunny King (2021),Drama
255659,Drift Away (2021),Drama
255823,Bone Cage (2020),Drama
255919,Faceless (2021),Thriller
255957,Naked Animals (2020),Drama
256161,Jathi Ratnalu (2021),Comedy|Drama
256185,Hum (2021),Thriller
256193,Black Medicine (2021),Crime|Thriller
256457,"Mark, Mary + Some Other People (2021)",Comedy|Romance
256913,White Elephant (2020),Comedy
257037,Drive My Car (2021),Drama
257215,House of Quarantine (2021),Thriller
257317,La vida era eso (2021),Drama
257349,Trouble Will Find Us (2020),Romance
257351,Bankrolled (2021),Comedy
257559,Tourist (2021),Action
257561,Save Kolya! (2020),Comedy
257567,Restricted Area (2020),Thriller
257585,Vortex (2021),Drama
257645,The Potato Venture (2020),Comedy
257897,Walking with Herb (2021),Comedy
257999,Digger (2021),Drama
258267,Saving Shuli (2021),Comedy
258881,C'mon C'mon (2021),Drama
259053,Murina (2021),Drama
259283,The Forgiven (2021),Drama
259319,Around The Table (2021),Children|Drama
259323,The Cloud in Her Room (2020),Drama
259543,Food Luck! (2020),Children
259549,Asphalt Goddess (2020),Drama
259689,The Gravedigger’s Wife (2021),Drama
259751,Parallel Mothers (2021),Drama
259909,Italian Studies (2021),Drama
260023,Broken Diamonds (2021),Drama
260035,Past Shadows (2021),Drama|Fantasy
260559,Stop-Zemlia (2021),Drama
260675,All My Puny Sorrows (2021),Drama
261121,Dating & New York (2021),Comedy|Romance
261151,Monte Verità (2021),Drama
261181,Thimmarusu: Assignment Vali (2021),Crime|Thriller
261199,Il buco (2021),Drama
261283,Rain (2020),Drama
261291,Rattlesnake: The Ahanna Story (2020),Action|Crime
261365,Taipei Suicide Story (2020),Drama
261443,Hunters (2021),Action
261513,Birds of Paradise (2021),Drama
261553,Neighbours (2021),Drama
261683,The Same Storm (2021),Drama
261763,Evolution (2021),Drama
261849,Dear Mother (2020),Comedy|Drama
262099,Stuck Together (2021),Comedy
262169,The Wheel (2021),Drama
262245,L'arminuta (2021),Drama
262371,Spirit Quest (2021),(no genres listed)
262521,Porcupine (2021),(no genres listed)
262707,My Father Is an Airplane (2021),Drama
262799,A Mouthful of Air (2021),Drama
262907,A Bend in the River (2020),Drama
263035,Three Floors (2021),Drama
263043,The Inner Cage (2021),Drama
263047,Happening (2021),Drama
263081,Stop and Go (2021),Comedy|Drama
263151,Toloka (2020),(no genres listed)
263333,"My Brother, My Sister (2021)",Drama
263403,A Hero (2021),Drama|Thriller
263593,The Last Bus (2021),Drama
263697,Presidents (2021),Comedy
263847,Yellow Sulphur Sky (2021),Drama|Romance
263861,Amercement (2020),Crime|Drama
263977,The Colour Room (2021),Drama
264037,The White Fortress (2021),Drama
264043,"Dawn, her Dad & the Tractor (2021)",Drama
264135,The Hand of God (2021),Drama
264165,Through the Glass Darkly (2020),Mystery|Thriller
264185,Breaking Them Up (2020),Comedy
264205,The Heart and How to Use It (2021),Comedy
264319,Hum Do Hamare Do (2021),Children|Comedy|Drama
264442,Whitetail (2021),Thriller|Western
264664,Father Christmas Is Back (2021),Children|Comedy
264712,The Subject (2020),Drama
264764,Women is Losers (2021),Drama
264842,Later Days (2021),Comedy
264880,Prayers for the Stolen (2021),Drama
265036,Pirates (2021),Comedy
265150,The Humans (2021),Drama
265276,India Sweets and Spices (2021),Comedy|Drama|Romance
265466,More the Merrier (2021),Comedy|Romance
265482,The Dorm (2021),Drama
265484,Gerda (2021),Drama
265486,The Danube (2021),Drama
265538,Aurora (2021),Drama
265670,Escape from Death Block 13 (2021),Action
265712,The Noise of Engines (2021),Drama
265724,Mission Extreme (2021),Action|Crime|Drama
265770,Tyson's Run (2021),(no genres listed)
265942,We Are (2020),Comedy
265956,Spoiled Brats (2021),Comedy
265990,Highway One (2021),Drama
266010,Deadly Cuts (2021),Comedy
266020,Ordinary Justice (2020),Drama
266068,Double Patty (2021),Drama|Romance
266072,Mr. Birthday (2021),Children|Comedy
266128,Boys On Film 21: Beautiful Secret (2021),Comedy|Drama|Romance
266134,The Male Gaze: Nocturnal Instincts (2021),Drama|Romance
266222,Soulmates (2021),Comedy
266618,Project Space 13 (2021),Comedy
266634,Tú eres mi problema (2021),Children|Drama
266692,Range Roads (2021),Drama
266788,The Lost Daughter (2021),Drama
266840,Echoes of the Past (2021),Drama
266874,Dry Wind (2020),Drama|Fantasy
266916,Fixed (2021),Crime|Thriller
266950,Outlaws (2021),Action|Adventure|Crime|Thriller
266962,God's Not Dead: We The People (2021),Drama
267004,"Knock, Knock, It’s Mom! (2021)",Comedy
267168,Mamá o papá (2021),Children|Comedy
267218,Snowball (2021),Drama
267322,The Odd-Job Men (2021),Comedy|Documentary
267428,The Dog Who Wouldn't Be Quiet (2021),Drama
267456,The Whale,Comedy|Drama
267792,One Night Off (2021),Comedy
267998,Borrego (2022),Crime|Thriller
268216,Girlfriends (2021),Comedy
268358,El club del paro (2021),Comedy
268374,Moonlight Shadow (2021),Drama
268450,Chinese Doctors (2021),Drama
268548,The Girl in the Yellow Jumper (2020),Crime|Thriller
268618,I Was a Simple Man (2021),Drama
268800,Aloners (2021),Drama
268860,The Inheritance (2020),Documentary|Drama
268864,Dinner Party (2021),Drama
268982,Benvenuti in casa Esposito (2021),Comedy
269096,By the Grace of... (2021),Drama
269114,Bangarraju (2022),Comedy|Drama
269208,Living (2022),Drama
269250,Descarrilados (2021),Comedy
269252,Memory Box (2022),Drama
269272,My Father's Violin (2022),Drama
269280,Honey Cigar (2021),Drama
269490,The Kindred (2021),Horror|Mystery|Thriller
269570,In Front of Your Face (2021),Drama
269580,God's Country (2022),Thriller
269672,The Falls (2021),Drama
269742,Wild Roots (2021),Drama
269768,Sandra Gets a Job (2021),Comedy|Drama
269892,Granada Nights (2021),Drama
269932,Harvey (2021),Thriller
269958,"Lingui, The Sacred Bonds (2021)",Drama
270026,My Best Friend Anne Frank (2021),Drama|War
270036,Estonian Funeral (2021),Comedy
270038,Arthur Rambo (2022),Drama
270102,Our Home (2022),Drama
270182,White Building (2021),Drama
270190,Flashwood (2020),Comedy
270194,Stroke of Luck (2022),Comedy
270288,The Surprise Visit (2022),Crime|Thriller
270358,Juniper (2021),Drama
270476,Opération Portugal (2021),Comedy
270514,Road to Perth (2021),Comedy|Drama|Romance
270606,Valentina (2021),Drama
270780,Unsound (2020),Drama
270878,Private Desert (2021),Drama
270904,The Novelist's Film (2022),Drama
271331,The Wedding Day (2021),Drama
271337,Souad (2021),Drama
271385,Madalena (2021),Drama
271467,Great Freedom (2021),Drama
271555,Legacy of Love (2022),Drama|Romance
271749,Introduction (2021),Drama
271765,Jail (2021),Drama
271815,Doctor on Call (2021),Comedy
271911,The Hater (2022),Comedy
272085,The Kashmir Files (2022),Thriller
272141,Playground (2021),Drama
272255,The Mystery of Her (2022),Drama
272329,Meskina (2021),Comedy|Romance
272353,Les Bodin's en Thaïlande (2021),Comedy
272355,Win a Trip to Browntown! (2021),Comedy
272375,Maria (2021),Comedy
272447,True Things (2022),Drama
272465,Everybody Hates Johan (2022),Comedy
272483,The Bubble (2022),Comedy
272553,Alcarràs (2022),Drama
272623,Northern Quality (2022),Comedy
272955,My Lovely Angel (2021),Drama
273019,Wuthering Heights (2022),Drama
273041,The Mute Man of Sardinia (2022),Drama
273049,Inexorable (2022),Thriller
273079,The Restless (2021),Drama
273289,Peaceful (2021),Drama
273523,Mes très chers enfants (2021),Comedy
273559,Eingeschlossene Gesellschaft (2022),Comedy
273569,Outside Noise (2021),Drama
273585,The Mulligan (2022),Drama
273633,Mince Alors 2 ! (2021),Comedy
273701,Singing Jailbirds (2022),Comedy
273703,Miracle: Letters to the President (2021),Drama
273747,Full Time (2022),Drama
273775,Naked Truth (2022),Drama|Thriller
273803,Last Film Show (2022),Drama
273807,Popran (2022),Comedy|Drama|Fantasy
273811,Буран (2021),Drama
273857,¿Y cómo es él? (2022),Comedy
273859,Salesmen (2022),Comedy
273867,Gold for Dogs (2021),Drama
273879,Hunting Season (2021),Comedy
273885,The Absent Director (2021),Drama
273971,Reroute (2022),Thriller
274025,A Good Man (2021),Drama
274083,Kadaisi Vivasayi (2022),Drama
274255,Intervenção (2021),Action|Crime
274297,The Aviary (2022),Thriller
274305,In Our Prime (2022),Drama
274321,Dearest Boy (2021),Comedy|Drama
274417,Les Tuche 4 (2021),Comedy
274427,See You Then (2021),Drama
274599,Stanleyville (2021),Comedy
274631,Bhala Thandanana (2022),Action|Drama
274643,Rumspringa - Ein Amish in Berlin (2022),Comedy|Drama
274787,Cool Abdoul (2021),Crime|Drama
274831,Montana Story (2022),Drama
275081,Dos Estaciones (2022),Drama
275097,Good Mourning (2022),Comedy
275141,Fire in the Mountains (2022),Drama
275193,The Quiet Girl (2022),Drama
275283,The Passengers of the Night (2022),Drama
275287,Abbi fede (2022),Comedy
275323,The Last Ride of the Wolves (2022),Crime|Drama
275325,Yamabuki (2022),Drama
275385,Inbetween Girl (2021),Comedy|Drama
275435,Armageddon Time (2022),Drama
275453,The Cathedral (2021),Drama
275457,Nika (2022),Drama
275459,Everything Went Fine (2021),Comedy|Drama
275503,Aftersun (2022),Drama
275515,Close (2022),Drama
275525,I Don't Wanna Dance (2021),Drama
275537,Between Two Worlds (2022),Drama
275585,Beyto (2021),Drama|Romance
275637,My Dead Dad (2021),Comedy|Drama
275763,It Is in Us All (2022),Thriller
275781,Paulie Go! (2022),Comedy
275831,Retirement Home (2022),Comedy
275869,First Person Shooter (2022),Thriller
275873,Our Eternal Summer (2022),Drama
275889,The Wannabes (2022),Comedy
275983,One Week Friends (2022),Drama
276005,Persona Non Grata (2021),Comedy|Drama
276041,Tahara (2022),Drama
276057,The Box (2021),Drama
276091,F_cking Bornholm (2022),Drama
276131,Here Kills the Bride (2022),Thriller
276215,Diamond in the Rough (2022),Comedy|Romance
276217,Ip Man: The Awakening (2022),Action|Adventure|Drama
276273,The Drop (2022),Comedy
276295,Moneyboys (2021),Drama
276375,"I'm a Girl, I'm a Princess (2021)",Drama
276387,A Quién Cierra Los Ojos,(no genres listed)
276445,Down with the King (2021),Drama
276499,Another World (2022),Drama
276501,Lullaby (2022),Drama
276599,Permis de construire (2022),Comedy
276605,The Road to Galena (2022),Drama
276657,Don't Make Me Go (2022),Drama
276669,Jupiter (2022),Comedy|Drama
276709,Why Not You (2021),Drama
276763,El juego de las llaves (2022),Comedy
276785,The Other Tom (2021),Drama
276841,Thank You (2022),Children|Romance
276865,Honeymoon With My Mother (2022),Comedy
276895,Wayward (2022),Drama|Horror|Thriller
276903,To Leslie (2022),Drama
276913,Marcus (2022),Drama
276947,La desconocida,Thriller
276955,Rainbow (2022),Drama
277019,Broken Keys (2022),Drama|War
277026,Sharp Stick (2022),Comedy
277050,"Costa Brava, Lebanon (2022)",Comedy|Drama
277080,A Cut Above (2022),Comedy|Romance
277156,The Art of Love (2021),Comedy
277232,Toxic (2022),Drama|Mystery
277246,No One's with the Calves (2022),Drama
277280,Easter Sunday (2022),Comedy
277286,Collide (2022),Crime|Drama|Thriller
277290,The Schoolmaster Games (2022),Drama
277306,Targeted (2022),Thriller
277316,Bringing Him Back (2021),Drama
277328,Serial (Bad) Weddings 3 (2022),Comedy
277390,"Kinsenas, Katapusan (2022)",Thriller
277568,Adeline (2022),(no genres listed)
277582,Wandering Heart (2021),Drama
277586,Summering (2022),Drama
277648,La Revanche des Crevettes pailletées (2022),Comedy
277696,Love You Anyway (2022),Drama
277724,A Starry Sky Above the Roman Ghetto (2020),Drama
277758,Stowaway (2022),Action|Thriller
277808,Sonne (2022),Drama
277880,Les Segpa (2022),Comedy
277882,Les Gagnants (2022),Comedy
277892,Here Out West (2022),Adventure|Drama
277908,Funny Pages (2022),Comedy
277922,Between Two Dawns (2021),Drama
277956,Manbaby (2022),Comedy|Fantasy|Sci-Fi
277998,Fake News (2021),Comedy|Drama
278000,Atlantide (2021),Documentary|Drama
278068,Hospital - Daughter's Mother (2021),Drama
278078,A Chiara (2021),Drama
278084,Me Time (2022),Comedy
278108,Chilli Laugh Story (2022),Comedy
278122,Wood and Water (2021),Drama
278182,Under Her Control (2022),Drama
278192,Queen of Glory (2022),Comedy|Drama
278248,Les Volets verts (2022),Drama
278250,The Kangaroo Conspiracy (2022),Comedy
278278,Honk for Jesus. Save Your Soul. (2022),Comedy
278298,R.M.N. (2022),Drama
278300,The Imaginary Doctor (2022),Comedy
278314,I Came By (2022),Crime|Thriller
278354,First Day First Show (2022),Comedy|Romance
278414,Along the Way (2022),Drama
278570,Märzengrund (2022),Drama
278616,God's Creatures (2022),Drama
278698,Love Life (2022),Drama
278724,National Theatre Live: Prima Facie (2022),Drama
278786,The Tsugua Diaries (2021),Drama
278804,Moving On (2022),Comedy|Drama
278812,40 Sticks (2020),Crime|Thriller
278828,1976 (2022),Drama
278838,Butterfly Vision (2022),Drama
278844,Days Before the Millennium (2022),Drama
278942,Chien blanc (2022),(no genres listed)
278954,The Great Silence (2022),Drama
278980,The Fabelmans (2022),Drama
279034,Gli idoli delle donne (2022),Comedy
279050,Shimoni (2022),Drama
279052,Love and Mathematics (2022),(no genres listed)
279056,When Morning Comes (2022),Drama
279058,The Maiden (2022),Drama
279062,Life (2022),Drama
279106,Aa Ammayi Gurinchi Meeku Cheppali (2022),Drama|Romance
279138,Catherine Called Birdy (2022),Adventure|Drama
279160,To the Moon (2021),Drama
279172,Bentu (2022),Drama
279238,The Biggest Fan (2022),Comedy
279268,The Catholic School (2021),Drama
279270,Borga (2021),Drama
279292,Dig (2022),Thriller
279466,We Might As Well Be Dead (2022),Comedy|Crime|Mystery
279478,Naane Varuvean (2022),Action|Horror|Thriller
279506,On the Fringe (2022),Drama|Thriller
279540,Heard She Got Married (2021),Thriller
279542,Return to Dust (2022),Drama
279588,Bullet Proof (2022),Action|Crime
279590,A Spy Movie (2021),(no genres listed)
279628,A Matter of Causality (2021),(no genres listed)
279634,MK Ultra (2022),Thriller
279706,"My Sailor, My Love (2022)",Drama|Romance
279710,Women Talking (2022),Drama
279718,Sanctioning Evil (2022),Action|Thriller
279768,The Inspection (2022),Drama
279782,The Adventures of Gigi the Law (2022),Documentary|Drama
279850,Love Tasting (2020),Drama
279862,A Room of My Own (2022),Drama
279882,Summit Fever (2022),Drama|Thriller
279906,Family Budget (2021),Comedy
279908,Famosa (2020),Drama
279924,Old Man (2022),Thriller
279952,Sea of Time (2022),Drama
280034,El Gerente (2022),Comedy
280038,Farha (2022),Drama|War
280040,Employee of the Month (2022),Comedy
280086,Medusa (2022),Drama
280098,Thank God (2022),Comedy
280120,Witness the Fitness (2022),Comedy
280176,Flunk: The Exchange (2021),Drama|Romance
280182,La Traversée (2022),Comedy
280238,Godland (2022),Drama
280260,Causeway (2022),Drama
280332,Men on the Verge of a Nervous Breakdown (2022),Comedy
280356,Mittagsstunde (2022),Drama
280382,Carajita (2021),Drama
280414,My Son (2021),Drama
280450,The Estate (2022),Comedy|Drama
280454,Peter von Kant (2022),Drama|Romance
280492,Comedy Queen (2022),Drama
280552,Thellavarithe Guruvaram (2021),Comedy|Drama|Romance
280572,On the Line (2022),Thriller
280658,Wet Sand (2021),Drama
280682,Walk Up (2022),Drama
280684,"Take a Hike, Vasya! Lost In Bali (2021)",Comedy
280686,Rodéo (2022),Drama
280688,Amira (2022),Drama
280696,Christmas in Paradise (2022),Comedy
280782,Vasil (2022),Comedy|Drama
280792,La Petite Bande (2022),Comedy
280818,Land of Gold (2022),Drama
280836,Uunchai (2022),Children|Comedy|Drama
280838,La Leyenda Negra (2020),Drama
280852,The Road Dance (2022),Drama
280856,Zaï Zaï Zaï Zaï (2022),Comedy
280958,You Resemble Me (2022),Drama
280962,6/45 (2022),Comedy
281068,Who's There? (2022),Thriller
281086,The People We Hate at the Wedding (2022),Comedy
281186,Itlu Maredumilli Prajaneekam (2022),Action|Drama
281192,My Night (2022),Drama|Romance
281282,Tori and Lokita (2022),Drama
281294,Bar Fight (2022),Comedy
281296,The Rust (2021),Drama
281306,Raiders of the Lost Library (2022),Action|Adventure
281340,Undercover Wedding Crashers (2021),Comedy
281372,Angry Neighbors (2022),Comedy
281414,Wedding of the Century (2021),Comedy
281430,Immersion (2021),Thriller
281434,Carpoolers (2021),Comedy
281444,Just Retired 2 (2022),Comedy
281464,Old Bigwigs (2021),Comedy
281468,Dragonflies (2022),Drama
281476,5000 Blankets (2022),Drama
281538,Mars One (2022),Drama
281592,Honest Candidate 2 (2022),Comedy
281634,The Honeymoon (2022),Comedy
281640,Two Much for the Job (2022),Comedy
281666,Shadow Master (2022),Action|Fantasy|Thriller
281776,Metronom (2022),Drama|Romance
281790,Recep İvedik 7 (2022),Comedy
281808,EO (2022),Adventure|Drama
281850,The Price of Family (2022),Comedy
281898,Drift,Drama
281910,Magazine Dreams (2023),Drama
281918,The Eight Mountains (2022),Drama
281920,When It Melts,Drama
281950,Manticore (2022),Drama|Thriller
281999,El test (2022),Comedy
282001,Nostalgia (2022),Drama
282051,It's a Wonderful Binge (2022),Comedy
282081,Shadows (2023),Thriller
282101,Saint Omer (2022),Drama
282119,Kalev (2022),Drama
282351,Yuni (2021),Drama
282381,The Son (2022),Drama
282401,Return to Seoul (2022),Drama
282505,Waikiki (2020),(no genres listed)
282527,Downeast (2021),Crime|Drama|Thriller
282531,A Night at the Kindergarten (2022),Comedy
282541,Father There Is Only One 3 (2022),Children|Comedy
282569,Songs About Love (2021),(no genres listed)
282571,Teenage Emotions (2021),Drama
282607,Hamsters (2023),Comedy|Drama
282651,Adieu Godard (2022),Drama
282663,Grand Jeté (2022),Drama
282665,Bromates (2022),Comedy
282711,House Party (2023),Comedy
282715,Aisha (2022),Drama
282773,Teambuilding (2022),Comedy
282805,Pigeon's Milk (2021),Drama
282837,The Worst Idea Ever (2023),Comedy
282845,Albatross (2022),Drama
282849,Actual People (2021),(no genres listed)
282895,Two Tickets to Greece (2023),Comedy
282917,Blessed Boys (2021),Comedy|Drama|Romance
282941,My Broken Mariko (2022),Drama
282973,Safe Place (2022),Drama|Thriller
283017,The People's Joker (2022),Comedy
283057,Mother and Son (2022),Drama
283065,Pink Moon (2022),Drama
283069,Paris Memories (2022),Drama
283071,Talking About the Weather (2022),Drama
283131,Two Of A Kind (2022),Comedy
283135,Ritual (2022),Thriller
283137,Theater Camp (2023),Comedy
283173,Shayda (2023),Drama
283181,A Human Position (2022),Drama
283211,"Our Father, the Devil (2021)",Drama|Thriller
283229,Aurora (2023),Drama
283281,The Line (2023),Drama
283331,Stromboli (2022),Drama
283375,"Hello, My Life! (2022)",Comedy
283415,Más respeto que soy tu madre (2022),Comedy
283419,Poor Rich Family (2020),Children|Comedy
283433,"Keep Smiling, Mom! (2022)",Comedy
283567,The Shadowless Tower (2023),Drama
283591,The Civil Dead (2023),Comedy
283687,Sembi (2022),Drama|Thriller
283691,A Small Fortune (2021),Thriller
283705,18 Kilohertz (2020),Crime|Drama|Mystery
283727,Amiko (2022),Drama
283775,The Water (2022),Drama|Romance
283799,The Confession Musical (2023),(no genres listed)
283845,Jane (2022),Drama|Mystery|Thriller
283963,Daughter of the Bride (2023),Comedy
283991,Por los pelos (2022),Comedy
284169,Amber Сops (2021),Comedy
284177,Göta kanal 4 - vinna eller försvinna (2022),Comedy
284195,A Good Person (2023),Comedy|Drama
284295,Rurangi (2020),Drama
284305,BDE (2023),Comedy
284377,Call Me Chihiro (2023),Drama
284431,Cassiopeia (2022),Drama
284435,The Year of the Dog (2022),Drama
284577,The World of Yesterday (2022),Drama
284601,Uman – The Perfect Man (2022),Comedy
284707,Palm Trees and Power Lines (2023),Drama
284749,The Donor Party (2023),Comedy
284799,A Little White Lie (2023),Comedy
284969,Accidental Family (2021),Comedy|Romance
284999,Freibad (2022),Comedy
285125,What Lucia Saw (2022),Drama
285271,Feride (2020),Comedy
285575,The Best is Yet to Come (2023),Drama
285595,Wilderness Therapy (2022),Comedy
285637,El método Tangalanga (2023),Comedy
285777,Lonesome (2023),Drama
285779,Sons of Ramses (2023),Drama
285833,Bottoms (2023),Comedy
285853,Allelujah (2023),Drama
285933,Leila's Brothers (2022),Drama
285939,¡Que Viva México! (2023),Comedy
285951,Vicenta B. (2022),Drama
285957,That Kind of Summer (2022),Drama
285985,Mirciulica (2022),Comedy
286045,Black Snow (2020),Drama
286219,On a Wing and a Prayer (2023),Drama|Thriller
286259,The Christening (2022),Comedy
286307,The Narrow Road (2022),Drama
286467,Forever (2022),Drama
286477,Nel bagno delle donne (2020),Comedy
286599,Songs of Solomon (2020),Drama
286739,I pionieri (2023),Comedy
286741,Casanova's Return (2023),Comedy|Drama
286785,Unprincipled in the Village (2023),Comedy
286843,The Unlikely Pilgrimage of Harold Fry (2023),Drama
286869,The Sales Girl (2022),(no genres listed)
286873,A Light Never Goes Out (2023),Drama
286883,Mercy (2023),Drama
286885,Atlas (2021),Drama
286917,Silent Land (2022),Drama
287001,The Cow Who Sang a Song into the Future (2023),Drama
287023,The Kerala Story (2023),Drama
287037,"20,000 Species of Bees (2023)",Drama
287041,Harka (2022),Drama
287043,Blanquita (2023),Drama
287047,Rule 34 (2023),Drama
287059,The Doll (2023),Drama
287099,Notre tout petit petit mariage (2023),Comedy
287101,The New Toy (2022),Comedy
287113,Lapland Odyssey 4 (2022),Comedy
287123,Roll with It (2023),(no genres listed)
287207,The Teachers’ Lounge (2023),Drama
287227,Fool's Paradise (2023),Comedy
287231,Youngstown (2021),Comedy
287383,All Your Faces (2023),Drama
287387,Tree of Eternal Love (2021),Comedy
287445,Brother's Keeper (2021),Drama
287461,The Seven Faces of Jane (2023),Drama
287511,Like Me (2022),Drama
287537,Stay Awake (2023),Drama
287569,The Reading (2023),Drama|Thriller
287571,The Vacationers (2023),Comedy
287589,Cinema Sabaya (2021),Drama
287593,The Fishbowl (2023),Drama
287615,About My Father (2023),Comedy
287731,Reality (2023),Drama
287735,Fanfic (2023),Drama
287823,Joy Ride (2023),Comedy
287827,Fist of the Condor (2023),Action|Drama
287845,Sweet As (2022),Drama
287975,No Gogó do Paulinho (2020),Comedy
287979,Buddy Games: Spring Awakening (2023),Comedy
288011,Retrograde (2023),Drama
288027,Alibi.com 2 (2023),Comedy
288043,Pureza (2022),Drama
288083,The Man Who Drew God (2023),Drama
288123,War Pony (2023),Drama
288147,Three Thousand Numbered Pieces (2023),Drama
288165,Pretty Red Dress (2023),Comedy|Drama
288207,Oh My Goodness! (2023),Comedy
288369,A Hundred Flowers (2022),Children|Drama
288473,All the World Is Sleeping (2023),Drama
288493,Softie (2022),Drama
288497,The Lost Boys (2023),Drama|Romance
288575,Crawlspace (2022),Thriller
288625,Prisoner's Daughter (2023),Drama
288629,Fear the Invisible Man (2023),Horror|Sci-Fi|Thriller
288683,A Corsican Summer (2022),Drama
288745,The Damned Don't Cry (2023),Drama
288757,The Lesson (2023),Drama|Thriller
288831,Only Me is Normal (2021),Children|Comedy
288855,"Weddings, christenings and funerals (2022)",Comedy
288873,Snegir (2023),Action|Drama
288907,7th Secret (2023),Thriller
288911,Farewell Mister Haffmann (2022),Drama
288923,Maximum Truth (2023),Comedy
289025,Deadly DILF (2023),Drama|Thriller
289099,House of Money (2022),Thriller
289111,Queens (2022),Drama
289241,The Book of Wonders (2023),Drama
289263,I Am Rage (2023),Action|Horror|Thriller
289543,On the Wandering Paths (2023),Drama
289553,Kulkuset kulkuset (2022),Comedy
289579,La primavera della mia vita (2023),Comedy
289621,The Small Victories (2023),Comedy
289641,Hostel Hudugaru Bekagiddare (2023),Comedy
289649,Smack Dab Kakha. Another Film (2023),Comedy
289653,Love According to Dalva (2023),Drama
289671,Three Ways (2022),Comedy
289683,Omen (2023),Drama
289707,Strict Regime Parents (2022),Comedy
289719,Fremont (2023),Comedy|Drama
289745,How to Survive Without Mum (2023),Comedy
289769,The Path of Excellence (2023),Drama
289859,Maldives Will Wait (2023),Comedy
289947,Knitting (2021),Drama
289973,Granit (2021),Action|War
289993,Hard Feelings (2023),Comedy
290051,Life For Real (2023),Comedy
290105,You Are So Not Invited to My Bat Mitzvah (2023),Comedy
290129,Disco Boy (2023),Drama|War
290131,Bem-Vinda a Quixeramobim (2022),Comedy
290143,Thai Massage (2022),Comedy|Drama
290169,Miguel Wants to Fight (2023),Comedy
290199,About Dry Grasses (2023),Drama
290251,Welcome Venice (2023),Drama
290269,Marisol (2023),Drama
290273,Living Bad (2023),Drama
290277,Bad Living (2023),Drama
290293,Welcome to Redville (2023),Drama
290335,Vicini di casa (2022),Comedy
290347,We Are Still Here (2022),Animation|Comedy|Crime|Drama|Romance|Sci-Fi
290377,Palitan (2021),Drama|Romance
290391,Aristotle and Dante Discover the Secrets of the Universe (2023),Drama|Romance
290469,What a Life! (2023),Comedy
290485,Tótem (2023),Drama
290625,Hitmen (2023),Action|Crime|Thriller
290665,Lapua 1976 (2023),Drama
290677,BASTARDS (2023),(no genres listed)
290777,The Challenge (2023),Drama
290805,Mutt (2023),Drama
290836,Royal Ashes (2022),Drama
290864,Not Broken (2021),Drama
290900,A Love Story from the Streets (2023),Drama
290962,Forever and a Day (2022),Drama
291010,God & Salsa (2022),Drama
291114,Cream of the Crop (2022),Drama
291144,Everything I Am (2021),Drama
291146,Pursuit of Freedom (2022),Drama
291176,Greenback (2023),Action|Comedy|Thriller
291216,Sweet Sunshine (2020),Drama
291344,The Beautiful Summer (2023),Drama
291367,Amityville Christmas Vacation (2022),Comedy|Horror|Romance
291385,The List (2023),Comedy|Romance
291457,Inside the Yellow Cocoon Shell (2023),Drama
291491,The Plains (2022),Drama
291693,The Old Oak (2023),Drama
291719,First Snow (2022),Comedy|Drama
291735,Felicità (2023),Drama
291765,Human Flowers of Flesh (2023),Drama
291769,The Great Seduction (2023),Comedy|Drama|Romance
291775,The Nurse That Saw the Baby on the Highway (2023),(no genres listed)
291785,Color of Heaven (2022),Drama
291817,Evil Does Not Exist (2023),Drama
291841,Silent Witnesses (2023),Documentary|Drama|Romance
291861,The Rye Horn (2023),Drama
292093,Chinas (2023),(no genres listed)
292117,The Royal Hotel (2023),Drama|Thriller
292343,Grand Paris (2023),Adventure|Comedy|Sci-Fi
292367,Speak Sunlight (2023),Drama
292391,Shark Teeth (2023),Adventure|Drama
292487,Coffee Wars (2023),Comedy
292535,The Giants of Easter Islands (2023),(no genres listed)
292615,Sparta (2022),Drama
292731,The Monroy Affaire (2022),Drama
