movieId,tag
225762,long shots
225762,long takes
234957,independent film
234957,marriage crisis
234957,separation
236111,fitness
236111,loneliness
236111,social media
238184,celebrity
238184,innovative
238184,social media
243412,computers
243412,coronavirus
243412,dialogue driven
243412,modern technology
243412,scam
243412,talky
243412,unconventional
243838,black and white
243838,church
243838,communism
243838,eastern europe
257037,based on short story
257037,husband wife relationship
257037,theater
257037,theatre play
264135,coming of age
268800,loneliness
273803,cinema
273803,film and cinema
273803,movie theater
220956,Africa
220956,immigration
220956,poverty
220956,realistic
220956,Social Classes 
220956,social commentary
220956,thought-provoking
220956,tragedy
224721,death penalty
224721,Iran
267456,A24
267456,Brendan Fraser
267456,family relationships
267456,father daughter relationship
267456,great performance
267456,self destructiveness
257037,infidelity
257037,theater
225625,mockumentary
225625,political
267456,family relationships
267456,great performance
267456,sad
267456,self destructiveness
225145,grief
220956,realistic
220956,social commentary
220956,thought-provoking
225145,atmospheric
225145,bad ending 
225145,based on novel or book
225145,community
225145,existential
225145,father-son relationship
225145,friendship
225145,great acting
225145,grief
225145,homeless
225145,loneliness
225145,loss
225145,no ending
225145,nomadism
225145,not a story
225145,realistic
225145,recession
225145,reflective
225145,sister relationship
225145,social commentary
225145,survival
225145,unemployment
225625,american idiocy
225625,Bechdel Test:Pass
225625,comedy
225625,conspiracy theory
225625,coronavirus
225625,COVID-19
225625,father daughter relationship
225625,feminism
225625,mockumentary
225625,political
225625,prank
225625,presidential election
225625,sarcastic
225625,sequel
225625,social commentary
225625,social satire
225625,some acted scenes
225625,travel
257037,happiness
257037,keep going
257037,loneliness
257037,obvious message
257037,slow paced
257037,too long
257037,infidelity
257037,Japan
257037,loss of loved one
257037,slow paced
266788,europe
266788,mental health
266788,motherhood
266788,Olivia Colman
225145,American West
263403,difficult
263403,Iran
263403,kafkaesque
275503,observational cinema
288147,hypocrisy
288147,straw man
288147,trauma porn
288147,white guilt
267456,Brendan Fraser
267456,Darren Aronofsky
267456,sad
278314,jump scares
278314,killing off main characters 
278314,plot holes
278314,social commentary
278314,time skip jump cuts
278314,too long
215353,a24
257037,slow paced
257037,too long
258881,black and white
258881,Gaby Hoffman
258881,Joaquin Phoenix
258881,kids
258881,uncle nephew relationship
265150,based on a play
265150,depressing
285833,dark comedy
267218,Korean
267456,Darren Aronofsky
215353,1980s
215353,atmospheric
215353,cinematography
215353,emotional
215353,rural setting
215353,slice of life
225145,existential
225145,romanticised poverty
210469,Atlanta
210469,chick flick
210469,female lead
210469,horrible music
210469,strong female lead
213898,abortion
213898,strong female lead
213898,teenage girl
213898,teenage pregnancy
213898,woman director
224338,birth
224338,boring
224338,Boston
224338,Canadian
224338,childbirth
224338,courtroom scene
224338,death
224338,death of a child
224338,female writer
224338,feminist
224338,feminist propaganda
224338,filmed in Canada
224338,grief
224338,home birth
224338,marriage crisis
224338,Massachusetts
224338,motherhood
224338,too long
225145,amateur actors
225145,American West
225145,banjo
225145,based on novel or book
225145,boring
225145,existential
225145,homeless
229483,1960s
229483,black actors
229483,black history
229483,civil rights
229483,female director
229483,fictional history
229483,period piece
230111,based on novel or book
230111,Canadian
230111,filmed in Montreal
244966,coming of age
244966,death
244966,death of a parent
244966,drinking
244966,female protagonist
244966,grief
244966,high school
244966,loss of virginity
244966,oregon
244966,Portland
244966,sex
244966,slut
244966,teenage girl
244966,teenagers
245136,coming of age
245136,dopeheads
245136,female director
245136,female writer
245136,lesbians
245136,LGBTQ+
245136,Los Angeles
245136,preachy
245136,school shooting
245136,therapy
253272,female director
253272,female protagonist
253272,female writer
254722,Mexico
254722,New Mexico
254722,rodeo star
259751,bisexual
259751,bisexuality
259751,civil war
259751,motherhood
259751,rape
259751,single mother
259751,Spain
259751,Spanish Civil War
259751,subtitles
259751,unconventional romance
262799,animated sequence
262799,female director
262799,female writer
262799,New York City
262799,postpartum depression
262799,suicide
274297,Cult
274297,female writer
274297,New Mexico
287731,2016 election
287731,female director
287731,female writer
287731,information leak
287731,intelligence agent
287731,liberal propaganda
280382,Miserable
225625,comedy
225625,feminism
225625,mockumentary
225625,social satire
222591,based on a true story
222591,chess
222591,diversity
222591,interview with actual inspirations
222591,overcoming adversity
222591,Stressful
222591,teacher
222591,unexpected death
245136,female director
245136,Jenna Ortega
245136,LGBTQ+
245136,liberal
245136,Maddie Ziegler
245136,real
245136,sad
245136,school shooting
245136,survivor
257037,red car
257037,saab
275503,amphitheater
275503,depression
275503,foreshadowing
275503,slow
275503,unusual narrative framing
213898,realistic
213898,teenage pregnancy
215353,farm
215353,korean american
215685,funny
224338,marriage crisis
225145,community
225145,realistic
225625,comedy
229483,civil rights
229483,history
230231,drama
245136,coming of age
245136,school shooting
254722,mexico
254722,rodeo star
257037,driver
257037,Japan
258881,Joaquin Phoenix
258881,uncle nephew relationship
259751,motherhood
259751,Spanish Civil War
264135,coming of age
264135,Italian
266788,children
266788,confusing
266788,Greece
266788,mother-daughter relationships
267456,emotional
267456,sad
269208,Bill Nighy
269208,drama
275193,farmer
275193,Ireland
275503,father daughter relationship
278980,family relationships
278980,Movies
279710,abuse
279710,religion
224338,boring
224338,childbirth
224338,death of a child
224338,emotional
224338,grief
224338,home birth
224338,slow
224338,Tragedy 
224338,Tragedy porn
224338,understated
225485,frenemies
225485,friends
225485,gay
225485,homophobia
225485,internalized homophobia
225485,lgbt
225485,party
225485,queer
225485,self-hatred
225485,self-loathing
257037,husband wife relationship
257037,Japan
257037,japanese
257037,slow paced
257037,subtle
257037,theater
257037,theatre play
257037,too long
278278,drama
278278,not funny
278278,regina hall great
278278,sad
278278,sterling brown great
225625,comedy
225625,father daughter relationship
225625,feminism
225625,feminist
225485,1960s
225485,based on a play
225485,frenemies
225485,friends
225485,gay
225485,homosexuality
225485,internalized homophobia
225485,lgbt
225485,New York City
225485,NYC
225485,party
225485,self-loathing
225625,mockumentary
225625,american idiocy
225625,eastern europe
225625,sequel
225625,stereotyped characters
225625,stereotypes
236117,depressing
236117,emptiness
236117,porn industry
236117,regret
236117,sad
236117,sadism
236117,violence against women
240224,bombs
240224,channel tunnel
240224,cliche characters
240224,Corrupt Government
240224,corrupt politician
240224,drones
240224,eurotunnel
240224,evil corporation
240224,massacre
240224,oil industry
240224,plot holes
240224,prime minister of color
240224,psycopath
240224,simple plot
240224,special forces
240224,terrorism
240224,tunnel
267456,homosexuality
267456,lgbt
267456,loneliness
267456,masturbation
267456,obesity
267456,overeating
267456,sad
267456,self destructiveness
267456,self-destruction
267456,single location
287571,estonian
287571,remake
287571,siin me oleme
266788,thought-provoking
266788,well acted
215353,american dream
215353,arkansas
215353,debt
215353,faith
215353,family tension
215353,farm
215353,grandmother grandson relationship
215353,husband wife relationship
215353,korean american
215353,marital problems
215353,rural setting
215353,steven yeun
215353,unhappy marriage
257037,aimless
257037,based on short story
257037,grief
257037,infidelity
257037,mourning
257037,slow paced
257037,theater
257037,too long
267456, Sadie Sink
267456,Brendan Fraser
267456,Darren Aronofsky
267456,family relationships
267456,lgbt
267456,sad
267456,self destructiveness
225145,American West
225145,chloe zhao
225145,community
225145,existential
225145,Frances McDormand
225145,great acting
225145,lifestyle
225145,nomadism
225145,Oscar (Best Directing)
225145,Oscar (Best Picture)
225145,realistic
229483,amazon
229483,black actors
229483,black history
229483,civil rights
229483,dialogue driven
229483,history
229483,moving
229483,one-room
229483,period piece
229483,philosophical
229483,thought-provoking
266788,too slow
266788,well acted
250852,coming of age
225485,1960s
225485,based on a play
225485,depressing
225485,gay
225485,Gay Character
225485,Gay Lead Character
225485,gay romance
225485,homoerotic
225485,homophobic
225485,homosexuality
225485,lgbt
225485,LGBT character
225485,melodramatic
225485,New York City
225485,NYC
225625,comedy
225625,coronavirus
225625,COVID-19
225625,documentary
225625,feminism
225625,Khazistan
225625,mockumentary
225625,political
225625,president
225625,social commentary
225625,Trump
225625,United States
229953,british comedy
229953,geeky
229953,heist
229953,low budget
225145,boring
229483,black actors
229483,black history
229483,history
229483,malcolm x
213898,important
213898,realistic
213898,slow burn
213898,strong female lead
214854,good soundtrack
214854,Netflix
214854,predictable
215353,wholesome
215685,Eric André
215685,funny
225145,Frances McDormand
225145,realistic
258881,A24
258881,Gaby Hoffman
258881,Joaquin Phoenix
258881,kids
258881,Mike Mills
258881,Woody Norman
267456,Brendan Fraser
267456,Hong Chau
267456,Sadie Sink
278980,coming of age
278980,high school
278980,jewish
278980,movies
282711,boring
282711,house party
282711,illuminati
282711,New Line Cinema
225625,comedy
225145,boring
225625,american flag
225625,comedy
225625,irreverent
225625,presidential election
225625,Republicans
216515,1970s
216515,based on a true story
216515,Political Thriller
215353,1980s
215353,Acting 
215353,allegorical
215353,allegory
215353,ambition
215353,american dream
215353,atmospheric
215353,baptism
215353,Bear trials
215353,bigger dreams
215353,brother sister relationship
215353,calm
215353,Carry the cross
215353,Christian allegory
215353,Christianity
215353,church
215353,church service
215353,cinematography
215353,comic relief
215353,Cross to bear
215353,cultural differences
215353,debt
215353,Deep
215353,deep meaning
215353,doubt
215353,drama
215353,dream
215353,drought
215353,emotional
215353,entrepreneur
215353,Excellent
215353,faith
215353,family
215353,family bonds
215353,family relationships
215353,family tension
215353,farm
215353,farm debt
215353,Farm Life
215353,farmer
215353,farmland
215353,father daughter relationship
215353,father son hug
215353,father-son relationship
215353,fatherhood
215353,fear of dying
215353,fire
215353,friendship
215353,funny moments
215353,god
215353,grandmother
215353,grandmother granddaughter relationship
215353,grandmother grandson relationship
215353,great screenplay
215353,great story
215353,happiness
215353,hardship
215353,heart condition
215353,hope
215353,husband saves wife's life
215353,husband wife relationship
215353,ill grandmother
215353,IMMIGRANT LIFE
215353,immigration
215353,Keep thinking about 
215353,korean
215353,korean american
215353,korean immigrant
215353,life
215353,little boy wets the bed
215353,loneliness
215353,looking at oneself in a mirror
215353,Love 
215353,Loved it!
215353,male male hug
215353,man carries a wooden cross over his shoulder
215353,marital problem
215353,marital problems
215353,meaning of life
215353,meaningful
215353,Messiness of life
215353,middle class family struggle
215353,mother daughter relationship
215353,mother in law son in law relationship
215353,mother son relationship
215353,mother-in-law
215353,motherhood
215353,moving
215353,mysteries of God
215353,Only Human
215353,parent child relationship
215353,parenthood
215353,parenting
215353,prayer
215353,praying
215353,race relations
215353,realistic
215353,reference to the garden of eden
215353,reference to the korean war
215353,religion
215353,Responsibility of fatherhood
215353,rural setting
215353,sacrifice
215353,saving a life
215353,screenplay
215353,Searching for a better life
215353,selfishness
215353,skepticism
215353,slice of life
215353,slow but not boring 
215353,slow paced
215353,soundtrack
215353,starting over
215353,Stays with you
215353,storyline
215353,symbolism
215353,thought-provoking
215353,touching
215353,trailer house
215353,Unpredictability of life
215353,visually appealing
215353,water supply
215353,wetting the bed
215353,What is Happiness?
215353,wholesome
215353,Wonderful 
225145,based on a book
225145,based on book
225145,based on novel or book
225145,community
225145,existential
225145,father-son relationship
225145,friendship
225145,great acting
225145,husband wife relationship
225145,loneliness
225145,loss
225145,meaning of life
225145,mother daughter relationship
225145,reflective
225145,screenplay
225145,screenwriting
225145,sister relationship
225145,sister sister relationship
225145,social commentary
225145,survival
225145,thought ptrovoking
225145,thought-provoking
225625,bold
225625,comedy
225625,cultural conflict
225625,funny moments
225625,Hilarious 
225625,irreverent
225625,mean-spirited
225625,No holds barred
225625,satire
225625,social commentary
225625,social satire
266788,bizarre
266788,children
266788,confusing
266788,confusing plot
266788,disjointed
266788,family relationships
266788,finding yourself
266788,hard to follow
266788,husband wife relationship
266788,infidelity
266788,lack of character depth
266788,Lack of commitment 
266788,Lead actress
266788,mother daughter relationship
266788,mother-daughter relationships
266788,motherhood
266788,plot holes
266788,raising children
266788,Relationship sabotage 
266788,self discovery
266788,self-destruction
266788,selfishness
266788,Side plots
266788,strange
266788,thought-provoking
266788,Useless characters
266788,wandering
213557,funny
213557,humor
213557,kangaroo
213557,Nazis
213898,religious fundamentalism
260675,grief
260675,sisters
260675,small town
263047,illegal abortion
276499,capitalism
276499,psychic damage
279710,didactic
225625,feminism
240374,bizarre
278980,1960s
278980,biopic
225145,American West
225145,Frances McDormand
225145,Oscar (Best Picture)
225145,social commentary
223614,offensive
225145,Frances McDormand
225625,comedy
225625,mockumentary
225625,Sacha Baron Cohen
225625,sequel
249136,Australian drama
225145,community
225145,realistic
225145,existential
225625,comedy
225625,father daughter relationship
225625,political
225625,presidential election
257037,Contemplative
257037,slow paced
257037,too long
278980,1960s
278980,cheesy
278980,high school
278980,oscar bait
267456,A24
267456,Brendan Fraser
267456,Darren Aronofsky
267456,Hong Chau
267456,lgbt
267456,Sadie Sink
213898,abortion
213898,abortion laws
213898,abortion rights
213898,bittersweet
213898,feminist
213898,hopeful
213898,important
213898,Medical procedure
213898,New York City
213898,reading the silences
213898,realistic
213898,slow burn
213898,social commentary
213898,social criticism
213898,social justice
213898,social work
213898,social worker
213898,strong female lead
213898,things left unsaid
213898,trauma
213898,woman director
213898,woman perspective 
213898,women's rights
224338,childbirth
224338,courtroom scene
224338,death of a child
224338,feminist
224338,grief
224338,legal
224338,marriage
224338,marriage crisis
224338,Shia LaBeouf
224338,Vanessa Kirby
272085,India
272085,terrorism
289621,France
289621,French
289621,French Film
223031,comedy
223031,drug abuse
223031,drugs
223031,high school
223031,teens
225145,overrated
230111,based on novel or book
230111,career
230111,New York City
230111,touching
225625,american idiocy
225625,mockumentary
225625,satire
225625,social satire
275515,childhood
275515,children
275515,coming of age
275515,emotional
275515,friendship
275515,suicide
275515,toxic masculinity
222575,drama
222575,father daughter relationship
222575,teenage girl
286885,Italian
266020,courtroom drama
266020,family relationships
266020,Italian
267456,4:3 aspect ratio
267456,A24
267456,acting masterclass
267456,Brendan Fraser
267456,Darren Aronofsky
267456,death
267456,emotional
267456,family relationships
267456,great performance
267456,health
267456,health care
267456,Hong Chau
267456,humanity
267456,lgbt
267456,loneliness
267456,masculinity
267456,practical effects
267456,sad
267456,Sadie Sink
267456,Samantha Morton
267456,self destructiveness
282401,adoption
282401,arms dealer
282401,fishing village
282401,Paris
282401,seoul south korea
284707,abuse
284707,pederasty
284707,proxenetism
284707,toxic masculinity
284707,vomitive
288683,ataraxia
288683,boredom
288683,corsica
288683,slow paced
288683,summer village
225625,mockumentary
213898,toplist20
215353,toplist20
225145,tivo21
225625,tivo21
257037,toplist21
258881,toplist21
269208,toplist22
275503,toplist22
276903,toplist22
279710,toplist22
281808,toplist22
227961,bad effects
263403,Cannes
263403,Cannes: Grand Prix
259751,Penelope Cruz
290105,bad acting
290105,endearing
290105,too long
233629,drama
233629,everyday life
233629,hardship
233629,inequality
233629,Lagos
233629,money
233629,Nigeria
233629,tragedy
215353,korean
224643,Iran
224643,iranian
224643,Majid Majidi
252988,serbian
275503,comming of age
275503,father daughter relationship
275503,mental health
275503,observational cinema
259751,bisexuality
259751,good plot
259751,motherhood
259751,penelope cruz
259751,spanish civil war
267456,acting masterclass
267456,beautiful
267456,great performance
267456,lgbt
267456,masterpiece
267456,self destructiveness
267456,tear jerker
229953,bad acting
229953,bad characters
229953,bad writing
229953,boring
229953,heist
229953,low budget
213898,realistic
213898,strong female lead
213898,woman director
215353,slice of life
222611,coming of age
225145,existential
225145,great acting
225145,Oscar (Best Directing)
225145,Oscar (Best Picture)
225145,realistic
225145,social commentary
215353,1980s
215353,slice of life
267456,lgbt
267456,sad
267456,self destructiveness
266788,ending kinda ruined it
266788,well acted
269208,Bill Nighy
269208,Great Score
275435,Anthony Hopkins
275435,coming of age
275435,great acting
275435,vignette
267456,A24
267456,great performance
267456,loneliness
215353,1980s
215353,agriculture
215353,debt
215353,farming
215353,korean american
215353,korean immigrant
215353,stroke
229483,black actors
229483,claustrophobic
229483,didactic
229483,Malcolm X
229483,one-room
229483,Sam Cooke
229483,Schematic
229483,stagebound
230231,jealousy
230231,storytelling
236111,MUBI
240300,grieving
240300,kosovo
240300,mass grave
240300,parenthood
240300,war crimes
250852,adolescence
250852,Hulu
250852,planned parenthood
250852,pregnancy
250852,sexual awakening
250852,teenagers
253910,adoption
253910,Belfast
253910,parenthood
253910,parenting
253910,terminal illness
257037,MUBI
259053,abusive father
259053,abusive relationship
259053,croatia
259053,diving
259053,lust
259053,old friends
259053,sailing
259053,spear fishing
259053,teenage girl
259751,civil war
259751,motherhood
259751,Spanish Civil War
269958,abortion
269958,abortion clinic
269958,Chad 
269958,poverty
269958,religion
269958,sexism
279710,patriarchy
279710,sexual abuse
279710,stagebound
279710,theatrical
225145,great acting
245078,ecology
245078,photographer
282849,college
282849,young adult
225145,chloe zhao
225145,community
225145,Frances McDormand
225145,great acting
225145,lifestyle
225145,nomadism
225145,realistic
229483,civil rights
278616,dishonesty
278616,guilt
278616,mother son relationship
278616,psychological
278616,rape
278616,secrets
223820,French
223820,french comedy
223820,racial issues
266788,confusing
266788,Useless characters
266788,well acted
289579,surreal
291735,crazy family
291735,mental health
225145,American West
225145,atmospheric
225145,community
225145,existential
225145,great acting
225145,homeless
225145,lifestyle
225145,nomadism
225145,Oscar (Best Directing)
225145,Oscar (Best Picture)
225145,realistic
225145,recession
225145,social commentary
225145,survival
225145,unemployment
267456,bible
267456,male nudity
267456,religion
215353,Acting 
215353,american dream
215353,grandmother
215353,grandmother grandson relationship
215353,korean american
215353,slice of life
215353,touching
225145,alternative life
225145,chloe zhao
225145,community
225145,Frances McDormand
225145,great acting
225145,lifestyle
225145,nomadism
225145,Oscar (Best Directing)
225145,Oscar (Best Picture)
225145,realistic
259751,good plot
259751,motherhood
259751,Penelope Cruz
259751,Spanish Civil War
259751,unconventional romance
267456,Brendan Fraser
267456,family relationships
267456,great performance
267456,Hong Chau
267456,lgbt
267456,loneliness
267456,Sadie Sink
213219,fight
213219,war in donbass
213898,teenage girl
213898,teenage pregnancy
213898,woman director
215353,1980s
215353,7 year old
215353,7 year old boy
215353,american dream
215353,anchovy
215353,apology
215353,applause
215353,arkansas
215353,arm injury
215353,b word
215353,baby chick
215353,banana
215353,bank
215353,bank note
215353,bathroom
215353,bigger dreams
215353,blindfolded man
215353,blood pressure cuff
215353,bowing
215353,boy
215353,boy imitates a cowboy
215353,boy wears a cowboy hat
215353,boy wears sunglasses
215353,breakfast
215353,broken stick
215353,brother sister relationship
215353,brushing teeth
215353,burned out shed
215353,buying shoes
215353,camera
215353,candy sucker
215353,card playing
215353,cardiologist
215353,cerebrovascular accident
215353,chestnut
215353,chewing tobacco
215353,chicken
215353,chicken sexing
215353,chili powder
215353,chopsticks the eating utensil
215353,church
215353,church bus
215353,church service
215353,cigarette
215353,cigarette smoking
215353,clapping
215353,cousin cousin relationship
215353,creek
215353,crying man
215353,crying woman
215353,cultural differences
215353,dead father
215353,dead grandfather
215353,debt
215353,digging a hole
215353,doctor
215353,doubt
215353,dowsing
215353,dowsing rod
215353,dream
215353,eating
215353,exorcism
215353,faith
215353,family relationships
215353,family tension
215353,farm
215353,farmer
215353,farmhand
215353,farming
215353,farmland
215353,father daughter relationship
215353,father son hug
215353,father son relationship
215353,fear
215353,fear of dying
215353,fire
215353,fire in a steel barrel
215353,flashlight
215353,food
215353,framed photograph
215353,friend
215353,friendship
215353,garden
215353,gardening
215353,girl
215353,grandmother granddaughter relationship
215353,grandmother grandson relationship
215353,grocery store
215353,hand fish net
215353,happiness
215353,hatchery
215353,heart condition
215353,hillbilly
215353,hole in heart
215353,hope
215353,hospital
215353,husband saves wife's life
215353,husband wife relationship
215353,ill grandmother
215353,ill mother
215353,ill old woman
215353,irrigation
215353,kimbap
215353,kimchi
215353,kneeling man
215353,korean american
215353,korean food
215353,korean fruit
215353,korean immigrant
215353,korean money
215353,korean vegetable
215353,laughter
215353,leg injury
215353,little boy
215353,little boy tries chewing tobacco
215353,little boy wears a shirt and tie
215353,little boy wears cowboy boots
215353,little boy wears pajamas
215353,little boy wears shorts
215353,little boy wets the bed
215353,little boy with a weak heart
215353,little boy yawns
215353,loneliness
215353,looking at oneself in a mirror
215353,looking out a window
215353,losing money
215353,loss of electricity
215353,male male hug
215353,man carries a wooden cross over his shoulder
215353,man in a bathtub
215353,man pours water over his head
215353,man wears a baseball cap
215353,man wears a suit and tie
215353,man wears an undershirt
215353,man wears eyeglasses
215353,man with a mustache
215353,marital problem
215353,medicine
215353,memory
215353,mentally challenged man
215353,microphone
215353,minari
215353,mirror
215353,mobile home
215353,money
215353,mother daughter relationship
215353,mother in law son in law relationship
215353,mother son relationship
215353,mountain dew
215353,nickname
215353,offering plate
215353,oklahoma city oklahoma
215353,old woman
215353,old woman drinks urine
215353,old woman uses a cane
215353,old woman wets the bed
215353,one word title
215353,overhead camera shot
215353,overhearing a conversation
215353,paper airplane
215353,penis
215353,photographer
215353,piano
215353,piano player
215353,planting
215353,posing for a photograph
215353,power outage
215353,prayer
215353,praying
215353,preacher
215353,race relations
215353,racial prejudice
215353,rain
215353,raining
215353,raised middle finger
215353,rearview mirror
215353,reference to ronald reagan
215353,reference to the garden of eden
215353,reference to the korean war
215353,religion
215353,rental truck
215353,rogers arkansas
215353,running little boy
215353,rural setting
215353,saving a life
215353,scene during opening credits
215353,selfishness
215353,sense of smell
215353,shed
215353,shed on fire
215353,shovel
215353,shyness
215353,sick
215353,singer
215353,singing
215353,sitting on the floor
215353,skepticism
215353,sleeping on the floor
215353,sleeplessness
215353,sleepover
215353,snake
215353,song
215353,sonogram
215353,station wagon
215353,stethoscope
215353,stroke
215353,sunday
215353,swing
215353,tape recorder
215353,teasing
215353,telephone
215353,telephone call
215353,television news
215353,thunderstorm
215353,title spoken by character
215353,title spoken in foreign language
215353,tornado
215353,tornado watch
215353,tractor
215353,trailer house
215353,trash burning
215353,tv news
215353,tv weather show
215353,ultrasonography
215353,ultrasound
215353,urination
215353,urine
215353,vegetable farm
215353,watching a fight on tv
215353,watching tv
215353,water supply
215353,water well
215353,weak heart
215353,wetting the bed
215353,wheelbarrow
215353,whispering
215353,woods
215353,worrying
215353,written by director
215353,yelling for someone
215353,yelling little boy
215353,yelling man
219430,censored profanity in title
219430,college admission
219430,coming of age
225145,abandoned factory
225145,abandoned house
225145,absent father
225145,alligator
225145,amazon fulfillment center
225145,american flag
225145,american west
225145,animal crackers
225145,ant the insect
225145,arizona
225145,auto mechanic
225145,b word
225145,baby
225145,backpack
225145,backyard barbecue
225145,balloon
225145,banjo
225145,based on book
225145,based on novel or book
225145,bathroom
225145,bedroom
225145,beet the vegetable
225145,birthday party
225145,bonfire
225145,borrowing money
225145,breaking a plate
225145,brief female full frontal nudity
225145,brother in law sister in law relationship
225145,bucket
225145,buffalo
225145,bus
225145,camp
225145,campbell's soup
225145,campfire
225145,can opener
225145,cancer
225145,canyon
225145,car trouble
225145,cell phone
225145,cigarette lighter
225145,cleaning a bathroom
225145,cleaning a toilet bowl
225145,clothing
225145,cold the temperature
225145,community
225145,cooking
225145,coughing
225145,crocodile
225145,dancer
225145,dancing
225145,death
225145,death of husband
225145,desert
225145,dining hall
225145,dinosaur statue
225145,dishes
225145,dog
225145,doorbell
225145,drink
225145,drinking
225145,dust
225145,eating
225145,eccentric
225145,echo
225145,economic recession
225145,economics
225145,emergency surgery
225145,empire nevada
225145,employment office
225145,ex substitute teacher
225145,f rated
225145,factory worker
225145,farm
225145,farmhouse
225145,father son relationship
225145,feeding a horse
225145,female banjo player
225145,female flutist
225145,female frontal nudity
225145,female full frontal nudity
225145,female nudity
225145,female protagonist
225145,female pubic hair
225145,female urinates
225145,feminism
225145,filling station
225145,flat tire
225145,flute
225145,folding chair
225145,food
225145,fortune teller
225145,friend
225145,friendship
225145,garage
225145,gas station
225145,ghost town
225145,girl
225145,giving a toast
225145,gluing together a broken plate
225145,grief
225145,guitar
225145,guitar player
225145,haircut
225145,hamburger
225145,happy new year
225145,hardhat
225145,healing
225145,homeless person
225145,homelessness
225145,hospital
225145,houselessness
225145,husband wife relationship
225145,jigsaw puzzle
225145,journey
225145,jupiter the planet
225145,knitting
225145,knocking on a door
225145,lantern
225145,laundromat
225145,lighting a cigarette
225145,listening to music
225145,living in a van
225145,loan
225145,loneliness
225145,loner
225145,looking for a job
225145,loss
225145,loss of husband
225145,loss of job
225145,man wears a cowboy hat
225145,man wears eyeglasses
225145,man with his arm in a sling
225145,manual labor
225145,memory
225145,microphone
225145,money
225145,mother daughter relationship
225145,mount rushmore replica
225145,nevada
225145,nomad
225145,note
225145,nudity
225145,old woman
225145,on the road
225145,one word title
225145,pain
225145,paint
225145,paleontology
225145,photograph on a cell phone
225145,piano
225145,piano duet
225145,piano player
225145,poem
225145,pot holder
225145,prologue
225145,pubic hair
225145,rain
225145,recession
225145,reciting a poem out loud
225145,recreational vehicle
225145,reference to dr. jack kervorkian
225145,reference to shakespeare's macbeth
225145,reference to william shakespeare
225145,restaurant
225145,restaurant kitchen
225145,resume
225145,retirement
225145,road movie
225145,rock
225145,rubber gloves
225145,rv camp host
225145,rv recreational vehicle
225145,sandwich
225145,santa claus lamp
225145,seasonal worker
225145,self storage
225145,self sufficiency
225145,shower
225145,singer
225145,singing
225145,sister relationship
225145,sister sister relationship
225145,skinny dipping
225145,skull and crossbones flag
225145,sleeping in a van
225145,sleeping mask
225145,snake
225145,sneezing
225145,snow
225145,song
225145,sparkler
225145,speech
225145,spitting
225145,star gazing
225145,story telling
225145,strobe light
225145,suicidal thoughts
225145,survival
225145,suv
225145,swallow the bird
225145,taser
225145,telescope
225145,title directed by female
225145,title written by female
225145,toilet
225145,trailer
225145,train
225145,transistor radio
225145,tribe
225145,triple f rated
225145,turkey as food
225145,unemployment
225145,urinating outside
225145,van
225145,vega the star
225145,waving goodbye
225145,wedding ring
225145,western usa
225145,widow
225145,william shakespeare quotation
225145,woman in a shower
225145,woman wears eyeglasses
225145,woman with her arm in a sling
225145,working class
225145,year 2011
225625,amazon
225625,american flag
225625,animated sequence
225625,animosity
225625,baby sitter
225625,babysitter
225625,balloons
225625,barber
225625,being recognized on the street
225625,black pantyhose
225625,black woman
225625,blackmail
225625,blonde woman
225625,blondie
225625,cage
225625,caged woman
225625,cell phone
225625,conspiracy theory
225625,coronavirus
225625,couch
225625,covid 19
225625,covid-19
225625,cpac
225625,daughter father relationship
225625,debutante ball
225625,disguise
225625,dog leash
225625,dress shopping
225625,driver
225625,embrace
225625,epiphany
225625,equality
225625,eureka moment
225625,fable
225625,father and daughter relationship
225625,father and daughter reunited
225625,father daughter relationship
225625,father searches for missing daughter
225625,fax machine
225625,female driver
225625,female full frontal nudity
225625,female nudity
225625,female pantyhosed buttocks
225625,female protagonist
225625,female pubic hair
225625,female stockinged feet
225625,female stockinged legs
225625,female stockinged soles
225625,feminism
225625,feminist
225625,girl wearing a short dress
225625,giving a speech
225625,hair dye
225625,hick
225625,hidden camera
225625,hillbilly
225625,horse trailer
225625,hug
225625,human in a cage
225625,incarceration
225625,interview
225625,jew
225625,jewish character
225625,journalist
225625,kazakhstan
225625,kiss on the cheek
225625,leg
225625,legs
225625,long title
225625,machine gun
225625,making fun of americans
225625,male full frontal nudity
225625,male nudity
225625,male protagonist
225625,male pubic hair
225625,man wears a bow tie
225625,man wears a suit and tie
225625,man wears women's panties
225625,manhattan new york city
225625,manual
225625,mask
225625,masked man
225625,masturbation
225625,menstruation
225625,mini dress
225625,minidress
225625,mockery
225625,mockumentary
225625,muddy road
225625,mythology
225625,nanny
225625,new york
225625,nylon leg
225625,olympia washington
225625,open beer top
225625,overalls
225625,owner's manual
225625,pantyhose
225625,parent child
225625,pastor
225625,patient zero
225625,patriotism
225625,podium
225625,political conference
225625,political convention
225625,political rally
225625,prank
225625,presidential election
225625,pretty legs
225625,prison
225625,pubic hair
225625,reading a book
225625,reading a story
225625,reference to barack obama
225625,reference to breast surgery
225625,reference to dog the bounty hunter
225625,reference to hillary clinton
225625,reference to kim jong un
225625,reference to the holocaust
225625,reference to uber
225625,republicans
225625,revenge
225625,right winger
225625,ripped pantyhose
225625,rural area
225625,rural road
225625,satire
225625,searching for daughter
225625,second part
225625,sequel
225625,sexual pleasure
225625,shopping plaza
225625,short dress
225625,showing skin
225625,sleeping on hay
225625,social satire
225625,speech
225625,story
225625,superstition
225625,surgeon
225625,tattooed arm
225625,tattooed trash
225625,texas
225625,thigh
225625,thighs
225625,travel
225625,trolley
225625,trump supporter
225625,upskirt
225625,voice over narration
225625,white trash
225625,woman driver
225625,xian
225972,1960s
225972,1970s
225972,1980s
225972,abusive father
225972,actor director producer writer
225972,adopted daughter
225972,air force veteran
225972,airline pilot
225972,airplane trip
225972,airport
225972,alternating time lines
225972,argumentative
225972,art museum
225972,baby
225972,bad memories
225972,bad temper
225972,beach
225972,bigot
225972,bird nest full of chicks
225972,birthday party
225972,black and white television
225972,bloody nose
225972,blowing smoke
225972,boy in a bathtub
225972,breasts
225972,california
225972,cannes 2020
225972,change of seasons
225972,changing diaper
225972,childhood on a farm
225972,chronic complainer
225972,cigarette smoking
225972,colon cancer
225972,colonoscopy
225972,coming out
225972,corn snake
225972,crossword puzzle
225972,crying
225972,deer hunting
225972,delusional
225972,dementia
225972,dirty old man
225972,doctor
225972,duck hunting
225972,dying alone
225972,dying in snow
225972,dying outdoors
225972,farm house
225972,father daughter relationship
225972,father hits his son
225972,father son conflict
225972,father son relationship
225972,female frontal nudity
225972,female nudity
225972,female topless nudity
225972,gay character
225972,gay couple
225972,gay kiss
225972,gay male couple
225972,gay parent
225972,gay protagonist
225972,gay relationship
225972,gay slur
225972,gay son
225972,grandfather granddaughter relationship
225972,hallucination
225972,holding hands
225972,homophobe
225972,homophobia
225972,homophobic slur
225972,horse
225972,horse barn
225972,horseback riding
225972,hospital
225972,hunting blind
225972,husband husband gay relationship
225972,husband husband relationship
225972,husband spitting on wife
225972,husband wife relationship
225972,independent film
225972,interracial relationship
225972,kissing the bride
225972,lgbt
225972,lgbt interest
225972,losing memory
225972,male nurse
225972,married gay couple
225972,memory
225972,misogynist
225972,mopping a floor
225972,new york state
225972,new york state police
225972,new york state trooper
225972,night flight
225972,nonlinear timeline
225972,nose piercing
225972,nudged by a horse
225972,nudity
225972,one word title
225972,outdoor sex
225972,overflowing bathtub
225972,pacific ocean
225972,pet snake
225972,picasso painting
225972,pocket watch
225972,police officer
225972,pregnant mother
225972,prejudice
225972,prostate exam
225972,queer cinema
225972,recovering alcoholic
225972,reference to a car accident
225972,reference to aids
225972,reference to barack obama
225972,reference to communism
225972,reference to cuba
225972,reference to eric heiden
225972,reference to hansel and gretel
225972,reference to jingle bells the song
225972,reference to john f. kennedy
225972,reference to john mccain
225972,reference to little bo peep
225972,reference to pablo picasso
225972,reference to prostitution
225972,reference to red river
225972,reference to the atomic bomb
225972,reference to the olympics
225972,reference to the vikings
225972,rental car
225972,retirement
225972,same sex couple
225972,sea
225972,second wife
225972,senile dementia
225972,shoveling snow
225972,sitting on the beach
225972,snow
225972,snowing
225972,snowstorm
225972,son fighting with his father
225972,state police
225972,state trooper
225972,swimming fully clothed
225972,talking about love
225972,talking about sex
225972,telephone call
225972,thai restaurant
225972,throwing eggs
225972,trailer camper
225972,twice divorced
225972,upstate new york
225972,verbal abuse
225972,walking into the ocean
225972,widower
225972,wife leaving husband
225972,year 1968
225972,year 2020
225972,younger version of character
229483,1960s
229483,22 year old
229483,22 year old man
229483,a cappella singing
229483,african american
229483,american football
229483,american south
229483,anger
229483,asking for an autograph
229483,audience
229483,backstage
229483,bald headed man
229483,band the musical group
229483,based on play
229483,based on play or musical
229483,being watched
229483,black american
229483,bodyguard
229483,boxer
229483,boxing
229483,braggadocio
229483,brotherhood
229483,camera
229483,championship fight
229483,chanting
229483,christianity
229483,cigarette
229483,cigarette smoking
229483,civil rights
229483,civil rights movement
229483,convertible
229483,copacabana nightclub new york city
229483,Criterion
229483,crying man
229483,crying woman
229483,dancer
229483,dancing
229483,demagogue
229483,dialogue driven
229483,discrimination
229483,doorbell
229483,dressing room
229483,drink
229483,drinking
229483,economics
229483,ed mcmahon character
229483,egoism
229483,faith
229483,fame
229483,father daughters relationship
229483,fireworks
229483,flash camera
229483,flash forward
229483,flashback
229483,flask
229483,foreign language spoken
229483,fountainbleu hotel miami
229483,friend
229483,friendship
229483,georgia
229483,girl
229483,grandfather grandson relationship
229483,grandmother grandson relationship
229483,grey suit
229483,hampton house motel miami florida
229483,handshake
229483,hotel
229483,hotel room
229483,house on fire
229483,husband wife relationship
229483,ice cream
229483,inspired by true events
229483,islam
229483,jackie wilson the singer character
229483,jim brown the football player character
229483,johnny carson character
229483,joke telling
229483,kiss
229483,knocking on a door
229483,lemonade
229483,liquor store
229483,listening to music
229483,looking at oneself in a mirror
229483,ma jumps on a bed
229483,malcolm x
229483,malcolm x character
229483,male male embrace
229483,man wears a bathrobe
229483,man wears a bow tie
229483,man wears boxer shorts
229483,man wears eyeglasses
229483,man with a beard
229483,meeting of minds
229483,miami beach convention center miami florida
229483,miami florida
229483,"miami, florida"
229483,microphone
229483,mirror
229483,money
229483,motel
229483,motel room
229483,mother daughter relationship
229483,muhammad ali
229483,muhammad ali character
229483,muslim
229483,muslim prayer
229483,mustached man
229483,myron cohen character
229483,n word
229483,name calling
229483,nation of islam
229483,nightclub
229483,no opening credits
229483,note inside a book
229483,overhead camera shot
229483,parking lot
229483,party
229483,pay phone
229483,photographer
229483,plantation
229483,posing for a photograph
229483,pray
229483,prayer
229483,praying
229483,pregnancy
229483,prologue
229483,race relations
229483,racial prejudice
229483,racial segregation
229483,record player
229483,recording
229483,red sportscar
229483,reference to a buffalo soldier
229483,reference to adam clayton powell
229483,reference to bing crosby
229483,reference to bob dylan
229483,reference to bobby womack
229483,reference to debbie reynolds
229483,reference to elijah muhammad
229483,reference to gorgeous george
229483,reference to james brown the singer
229483,reference to joe louis
229483,reference to john f. kennedy jr.
229483,reference to louis farakhan
229483,reference to muddy waters the singer
229483,reference to rocky marciano
229483,reference to the beatles
229483,reference to the rolling stones the band
229483,reference to w. e. dubois
229483,reflection in a mirror
229483,religion
229483,religious conversion
229483,reporter
229483,rhythm and blues music
229483,rolleiflex 3.5 camera
229483,rooftop
229483,sam cooke character
229483,second thoughts
229483,singer
229483,singing
229483,song
229483,sonny liston character
229483,soul music
229483,speech
229483,sports announcer
229483,sportscar
229483,st. simon's island georgia
229483,stairway
229483,subjective camera
229483,swimming pool
229483,talk show appearance
229483,teasing
229483,telephone
229483,telephone call
229483,throwing a camera
229483,title directed by female
229483,tv news
229483,underwater camera
229483,underwater scene
229483,vanilla ice cream
229483,violence
229483,watching someone
229483,watching tv
229483,wembley stadium
229483,wind up music box toy
229483,year 1963
229483,year 1964
229483,year 1965
231027,aliens
236117,porn industry
237800,shelter
239352,agriculture
239352,astronaut
239352,farmer
239382,daughter
239390,2010s
239390,belgian french border
239390,belgium
239390,brothel
239390,disobedient child
239390,disposing of a dead body
239390,drug overdose
239390,erectile dysfunction
239390,ex husband ex wife conflict
239390,ex husband ex wife sex
239390,fake orgasm
239390,female nudity
239390,getting away with murder
239390,gun
239390,interracial romance
239390,interracial sex
239390,male frontal nudity
239390,male nudity
239390,man and woman in a bathtub
239390,man bound to a bed
239390,mother in law murders son in law
239390,nonlinear timeline
239390,pole dancing
239390,promiscuity
239390,prostitution
239390,repeated scene from a different perspective
239390,sex talk
239390,sex work
239390,single mother
239390,smashed head
239390,snorting coke
239390,stormy night
239390,violent man
239390,wife beater
241028,camera shot of a woman's feet in high heels
241028,kitchen
241028,legs crossed
254722,1970s
254722,absentee father
254722,abusive mother
254722,animal name in title
254722,animal whisperer
254722,bad mother
254722,based on novel or book
254722,biracial child
254722,cock fighting
254722,coming of age drama
254722,contemporary western
254722,cowboy
254722,goat
254722,gringo
254722,gun
254722,handgun
254722,horse
254722,horse breaking
254722,interracial relationship
254722,job
254722,journey
254722,kidnapping
254722,lying low
254722,mexico
254722,mexico city
254722,modern western
254722,neo western
254722,neo-western
254722,on the run
254722,payphone
254722,peace of mind and body
254722,pet rooster
254722,prayer before meal
254722,ranch hand
254722,rodeo star
254722,rooster
254722,run off the road
254722,running away from home
254722,sign language
254722,speaking spanish
254722,stolen car
254722,timeframe 1970s
254722,u.s. mexican border
254722,unsubtitled foreign language
254722,wife
254722,wild horse
254722,year 1978
259053,friend
261683,contact tracing
261683,coronavirus
261683,covid 19
261683,covid 19 pandemic
261683,deadly virus
261683,face mask
261683,health crisis
261683,lockdown
261683,national emergency
261683,nurse
261683,pandemic
261683,public health epidemic
261683,social distancing
261683,three word title
261683,virus
261683,year 2020
262521,domestic drama
275503,11 year old
275503,11 year old girl
275503,amphitheater
275503,arcade video ride
275503,bare butt
275503,boy
275503,dancer
275503,dancing
275503,domestic drama
275503,drink
275503,drinking
275503,drunkenness
275503,father and daughter dance together
275503,father daughter relationship
275503,first kiss
275503,girl
275503,girl wears a swimsuit
275503,home video
275503,hotel
275503,husband wife separation
275503,karaoke
275503,kiss
275503,male nudity
275503,male rear nudity
275503,man removes an arm cast
275503,man wears a swimsuit
275503,man with an arm cast
275503,memory
275503,mud bath
275503,nudity
275503,pushing someone into a swimming pool
275503,reference to cleopatra
275503,repeated scene
275503,shoulder wound
275503,singer
275503,singing
275503,song
275503,suntan lotion
275503,swimming
275503,swimming pool
275503,teenage boy
275503,teenage girl
275503,tour bus
275503,tourist
275503,turkey the country
275503,turkish rug
275503,underwater scene
275503,vacation
275503,video camera
275503,yellow wrist band
275503,younger version of character
278084,buddy comedy
278084,father
278084,friend
278084,life
278084,stay-at-home dad
278084,weekend
278192,dark comedy
278192,death of parent
278192,f rated
278192,immigrant family
278192,in medias res
278192,interracial couple
279882,bottle of beer
279882,broken arm
279882,caught in a storm
279882,death of a friend
279882,drinking beer from a bottle
279882,falling down a mountain
279882,falling off a mountain
279882,falling to death
279882,flashlight
279882,matterhorn
279882,mountain climbing
279882,mountain skiing
279882,reference to mount everest
279882,reference to scotland
279882,reference to the matterhorn
279882,reference to wales
279882,skiing
279882,sliding down a mountain
279882,summer
279882,sunglasses
279882,winter storm
279924,old man
225145,dog
225145,Frances McDormand
225145,loneliness
225145,realistic
215353,atmospheric
215353,slice of life
268800,loneliness
225145,reflective
257037,good writing
257037,Acting 
257037,adultery
257037,aimless
257037,aimlessness
257037,atmospheric
257037,bleak
257037,driver
257037,driving
257037,dual personality
257037,Feelings
257037,imagination
257037,Japan
257037,Long 
257037,loss of loved one
257037,moral ambiguity
257037,poetic
257037,remembrance
257037,remorse
257037,self-forgiveness
257037,sign language
257037,silence
257037,storytelling
257037,theater
257037,theatre play
257037,traveling
257037,wandering
282401,adopted daughter
282401,alcoholism
282401,birthday party
282401,casual sex
282401,cultural difference
282401,drinking
282401,family relationships
282401,language barrier
282401,obsessive love
282401,seoul
282401,youth
291344,1930s
291344,affection
291344,artist
291344,bohemian life
291344,brother and sister
291344,defloration
291344,drinking
291344,first love
291344,friends
291344,jealousy
291344,modeling
291344,nude modeling
291344,Nudity (Full Frontal)
291344,painter
291344,painting
291344,poverty
291344,self discovery
291344,sex scene
291344,sexual confusion
291344,siblings
291344,smoking
291344,syphilis
291344,tailor
291344,virginity
291344,women
275503,emotional
275503,father daughter relationship
275503,observational cinema
283705,drugs
283705,teens
222611,coming of age
222611,contest
222611,dance
222611,delinquincy
222611,France
222611,girl
222611,girls
222611,immigrants
222611,Islam
222611,menstruation
222611,Paris
222611,polygamy
222611,puberty
222611,school
222611,sexuality
222611,social media
222611,wedding
244966,death
244966,death of a parent
244966,drinking
244966,father
244966,female protagonist
244966,grief
244966,high school
244966,loss of virginity
244966,Oregon
244966,Portland
244966,sex
244966,sisters
244966,teenage girl
244966,teenagers
257037,Haruki Murakami
259053,adriatic sea
259053,coming of age
259053,Croatia
259053,diving
259053,family relationships
259053,father-daughter relationship
259053,mediterranean
259053,sea
259053,seaside
259053,spearfishing
259053,swimming
259053,teenage girl
260559,alcohol
260559,cannabis
260559,coming of age
260559,crush
260559,cutter
260559,friendship
260559,high school
260559,Kyiv
260559,parent-child relationship
260559,parties
260559,school
260559,school dance
260559,slumber party
260559,social media
260559,teenagers
260559,tobacco
260559,Ukraine
260559,ukrainian
267428,allegory
267428,Argentina
267428,black and white
267428,dog
267428,meteorite
267428,ridiculous
275385,affair
275385,artist
275385,chinese american
275385,divorce
275385,family relationships
275385,first love
275385,high school
275385,infidelity
275385,intelligent
275385,loss of virginity
275385,realistic
275385,teenage girl
275385,teenagers
275385,Texas
276041,classroom
276041,dark comedy
276041,funeral
276041,Jewish
276041,Judaism
276041,lesbian
276041,rejection
276041,smart
276041,suicide
276041,teenagers
277026,affair
277026,California
277026,coming of age
277026,drugs
277026,infidelity
277026,Los Angeles
277026,loss of virginity
277026,naivety
277026,porn
277026,promiscuity
277026,sex
277026,sexual awakening
278804,death
278804,funeral
278804,old age
278804,revenge
278980,1950s
278980,Arizona
278980,Baby Boomers
278980,California
278980,coming of age
278980,divorce
278980,family relationships
278980,filmmaking
278980,high school
278980,infidelity
278980,Judiasm
278980,movie making
278980,New Jersey
278980,semi autobiographical
279138,arranged marriage
279138,coming of age
279138,England
279138,family relationships
279138,female protagonist
279138,feminisim
279138,medieval
279138,puberty
279138,teenagers
281808,donkey
281808,road movie
283727,bereavement
283727,childhood
283727,Japan
283727,magical realism
283727,parent child relationship
243460,drama
243460,soap opera
240224,Rise of the black swan
225625,mockumentary
215353,church
225145,great acting
225145,nomadism
225145,Oscar (Best Picture)
225145,realistic
250942,dumb humor
263593,hook had nothing to do with plot
265150,BORING!
268548,Nonsensical 
276955,musical numbers
267456,A24
267456,acting masterclass
267456,Darren Aronofsky
267456,death
267456,great performance
267456,lgbt
267456,loneliness
267456,sad
267456,self destructiveness
225145,Frances McDormand
225145,Frances McDormand
225145,great acting
225145,nomadism
287227,aimless
287227,Ken Jeong
287227,over the top
215353,american dream
215353,slice of life
215353,steven yeun
267456,great performance
224338,boring
264135,characters
264135,cinematography
264135,coming of age
213898,woman director
229483,Amazon
225625,Sacha Baron Cohen
270358,Charlotte Rampling
225625,comedy
225625,mockumentary
225625,Sacha Baron Cohen
225625,social commentary
225625,mockumentary
225145,great acting
225145,Oscar (Best Picture)
225145,realistic
257037,slow paced
254722,mexico
267456,lgbt
275193,Ireland
272355,anal sex
225145,stunning cinematography
267456,lgbt
290143,awkward comedy
219418,bad script
219418,sophomoric
215353,1980s
215353,american dream
215353,church
215353,cultural differences
215353,faith
215353,family tension
215353,farm
215353,farmer
215353,grandmother
215353,grandmother grandson relationship
215353,husband wife relationship
215353,korean american
215353,rural setting
215353,slice of life
215353,stroke
215353,vegetable farm
215353,wholesome
236117,porn industry
279138,amazon prime
279138,arranged marriage
279138,coming of age
279138,England
279138,family relationships
279138,female protagonist
279138,feminisim
279138,medieval
279138,puberty
279138,teenagers
280260,afghanistan war veteran
280260,brain damage
280260,brother sister relationship
280260,friendship
280260,mother daughter relationship
280260,slow
280260,trauma
275503,long takes
225625,comedy
225625,coronavirus
225625,COVID-19
225625,documentary
225625,feminism
225625,mockumentary
225625,political
250942,not gay enough
257037,based on a book
257037,connection
257037,Contemplative
257037,driver
257037,driving
257037,infidelity
257037,loneliness
257037,loss
257037,loss of loved one
257037,Oscar (Best Foreign Language Film)
257037,sign language
267456,obesity
267456,overweight man
267456,sad
267456,self-destruction
257037,driver
257037,infidelity
257037,japanese
257037,loss of loved one
257037,sign language
257037,slow paced
257037,theater
213213,dark humor
225485,1960s
225485,based on a play
225485,dialogue
225485,flawed characters
225485,gay director
225485,one location movie
225485,tense
215685,Comedy 
215685,Eric André
215685,hidden camera
233333,cult
233333,religion
239856,bigfoot
282051,Christmas
282527,maine
287731,based on a true story
253962,confusing
267456,acting
267456,great performance
267456,sad
275193,acting
275193,subtle
281918,father-son relationship
281918,friendship between men
285985,Comedy 
285985,family
267456,bible
267456,Brendan Fraser
267456,emotional
267456,family relationships
267456,father daughter relationship
267456,gay
267456,great performance
267456,homosexuality
267456,loneliness
267456,male nudity
267456,obesity
267456,redemption
267456,religion
267456,sad
267456,self destructiveness
267456,self-destruction
267456,single location
267456,tear jerker
280682,black and white
280682,documentary style
280682,korean
257037,aimless
257037,aimlessness
257037,atmospheric
257037,bleak
257037,Contemplative
257037,foreign film
257037,good writing
257037,grief
257037,infidelity
257037,loneliness
257037,loss
257037,loss of loved one
257037,moral ambiguity
257037,mourning
257037,remembrance
257037,slow paced
257037,subtle
257037,too long
257037,understated
257037,wandering
257037,well constructed
215353,american dream
215353,Christianity
215353,church
215353,faith
215353,themes
257037,slow paced
215203,Asian culture
215203,Taiwan
223948,1990s
223948,Africa
223948,French
223948,French Film
223948,genocide
223948,history
223948,Rwanda
223948,rwanda genocide
223948,tense
225145,American West
225145,boring
225145,community
225145,existential
225145,nomadism
225145,realistic
226724,Asian culture
226724,Berlin Encounters Award
226724,Japan
226724,kyoto
226724,very long
273747,breathtaking
273747,France
273747,French
273747,French Film
273747,Paris
280040,French
280040,French Film
280040,funny
280040,Jérôme Commandeur
284577,France
284577,French
284577,French Film
284577,politics
284577,president
284577,presidential election
289769,France
289769,French
289769,French Film
213898,boring
213898,strawman
213898,unrealistic
283433,Latvian
283433,road movie
233573,Mila Kunis
233573,screenplay
288027,Élodie Fontan
225145,atmospheric
230231,psychological drama
279590,parody
223031,alcohol
223031,drug abuse
223031,drugs
223031,friends
223031,hallucination
223031,hallucinogenic drug
223031,high school
223031,high school seniors
223031,limo
223031,limousine
223031,musical
223031,nudity
223031,Nudity (Topless)
223031,party
223031,seen 2022
223031,teenagers
223031,teens
223031,topless
223031,topless female nudity
223031,Vince Vaughn
225625,Amazon original
225625,comedy
225625,coronavirus
225625,COVID-19
225625,cultural conflict
225625,culture clash
225625,daughter
225625,documentary
225625,father daughter relationship
225625,feminism
225625,feminist
225625,gross-out humor
225625,independence
225625,international
225625,mockumentary
225625,plastic surgery
225625,political
225625,road trip
225625,sarcasm
225625,sarcastic
225625,seen 2020
225625,sequel
225625,slavery
272483,cancel culture
272483,COVID-19
272483,dinosaur
272483,dinosaurs
272483,England
272483,escape
272483,filmmaking
272483,helicopter
272483,imprisonment
272483,mole
272483,pandemic
272483,parody
272483,TikTok
272483,vomit
272483,vomiting
278084,buddy comedy
278084,criminal mischief 
278084,family
278084,family relationships
278084,father
278084,insurance fraud
278084,jealous husband
278084,jealousy
278084,loan shark
278084,male rear nudity
278084,masterbation
278084,rager
278084,Seen 2023
278084,skinny dipping
278084,small business
278084,stay at home dad
278084,stay-at-home dad
278084,strip club
278084,vomit
278084,wild party
278084,working mom
278084,working mother
278278,African American 
278278,Baptist 
278278,black people
278278,church
278278,drama
278278,materialism
278278,megachurch 
278278,not funny
278278,pastor
278278,religion
278278,rich poor
278278,sex scandal
278278,sex scene
282665,boring
282665,didn't finish 2023
285833,black comedy
285833,blood
285833,blood splatter
285833,bomb
285833,car bomb
285833,club
285833,comedy
285833,coming of age
285833,dark comedy
285833,duringcreditsstinger
285833,feminism
285833,fight
285833,fight club
285833,football
285833,football player
285833,funny
285833,high school
285833,high school student
285833,lesbian
285833,lesbian kiss
285833,lesbian relationship
285833,lesbian sex
285833,lie
285833,model
285833,murder
285833,popularity
285833,queer
285833,Seen 2023
285833,seen at the cinema
285833,self defense
264135,Italian
264135,Maradona
264135,Nudity (Full Frontal)
264135,Nudity (Topless)
248466,Luxembourg
248466,nuclear power
248466,nuclear power plant
291693,British
291693,Miners strike
291693,Northern England
291693,racism
291693,refugees
291693,working class
225625,Bechdel Test:Pass
225625,conspiracy
225625,feminism
225625,journalism
225625,Kazakhstan
225625,racism
229483,civil rights
229483,dialogue
229483,dialogue driven
229483,moving
229483,one-room
229483,period piece
229483,philosophical
229483,thought-provoking
225145,existential
213898,realistic
213898,woman director
257037,too long
280260,woman director
225625,jewish
215685,drugs
215685,Eric André
215685,funny
215685,movies to watch while high
215685,Stoner Movie
215685,weed
275503,comming of age
267456,family relationships
267456,great performance
280686,biker
280686,biker gang
280686,crime drama
280686,France
280686,French
280686,heist
280686,motorbike
280686,woman director
222611,Maïmouna Doucouré
278000,Venezia
225145,boring
225625,comedy
225625,coronavirus
225625,COVID-19
225625,feminism
225625,irreverent
225625,mockumentary
225625,political
225625,Sacha Baron Cohen
225625,sequel
225625,social commentary
225625,social satire
223031,comedy
223031,fresh
223031,parody
215353,nothing happens
215353,slow
259053,croatia
259053,diving
259053,domestic abuse
259053,open ending
259053,spear fishing
263403,debt
263403,iran
263403,moral
263403,prison
263403,reputation
274305,confusing plot
274305,Korea
274305,mathematics
274305,north korea
274305,riemann hypothesis
275503,eventless
275503,slow
275503,story
277019,arabic
277019,freedom
277019,Gabriel Yared
277019,iraq
277019,islamic state
277019,pianist
277019,piano
277019,sharia
277019,war
225145,community
225145,female lead
225145,great acting
225145,lifestyle
225145,nomadism
225145,Oscar (Best Actor)
225145,Oscar (Best Directing)
225145,Oscar (Best Picture)
225145,roadtrip
225145,social commentary
215203,ARRANGED MARRIAGES
215203,Asian culture
215203,childhood sweetheart
215203,Fathers and Daughters
215203,Heartfelt but not very deep
215203,IMMIGRANT LIFE
215203,loneliness
215203,long lost love
215203,mother-son relationship
215203,reconciliation
215203,starting over
215203,Taiwan
215203,wealth divide
215203,wealth gap
215353,1980s
215353,american dream
215353,arkansas
215353,church
215353,debt
215353,family tension
215353,farm
215353,farm debt
215353,Farm Life
215353,farmer
215353,farmland
215353,foreign language
215353,genre:family drama
215353,grandmother
215353,grandmother grandson relationship
215353,hardship
215353,hatchery
215353,heart condition
215353,IMMIGRANT LIFE
215353,korean american
215353,low key
215353,middle class family struggle
215353,mobile home
215353,Only Human
215353,rural setting
215353,slice of life
215353,starting over
215353,stroke
215353,vegetable farm
239390,belgian french border
239390,Boss/Employee relationship
239390,brothel
239390,Co-workers relationship
239390,disobedient child
239390,disposing of a dead body
239390,drug overdose
239390,erectile dysfunction
239390,fake orgasm
239390,female nudity
239390,Friends relationship
239390,getting away with murder
239390,interracial romance
239390,interracial sex
239390,man and woman in a bathtub
239390,man bound to a bed
239390,mother in law murders son in law
239390,nonlinear timeline
239390,pole dancing
239390,promiscuity
239390,prostitution
239390,sex talk
239390,sex work
239390,single mother
239390,smashed head
239390,snorting coke
239390,violent man
239390,wife beater
265466,night life
265466,romantic comedy
265466,sex comedy
265466,swingers club
225145,boring soundtrack
225625,mockumentary
267456,Brendan Fraser
267456,lgbt
267456,loneliness
267456,self destructiveness
242058,bad movie
242058,trash
275287,faith
275287,hope
230231,adultery
230231,drama
230231,remote location
230231,surreal
251206,affair
251206,grief
251206,moving
229207,great soundtrack
229207,low budget
229207,mind bending
229207,psychological thriller
225145,great acting
225145,nomadism
225145,van
215353,american dream
215353,cultural differences
215353,family tension
215353,immigration
215685,drugs
215685,movies to watch while high
215685,Stoner Movie
215685,weed
214576,mongolia
266788,feature film directorial debut
281808,animal abuse
281808,nonhuman animal protagonist
281808,silent protagonist
283137,based on a short film
283137,director duo
283137,feature film directorial debut
283137,fish out of water
283137,LGBTQ+
283137,mockumentary
283137,musical number
283137,new york
283137,summer camp
285833,barely present grownups
285833,Bechdel Test:Pass
285833,LGBTQ+
285833,teen movie
287823,asian american
287823,Bechdel Test:Pass
287823,interracial adoption
287823,musical number
240224,Action
240224,Hostages
213557,funny
222611,coming of age
222611,contest
222611,dance
222611,delinquincy
222611,France
222611,immigrants
222611,Islam
222611,Maïmouna Doucouré
222611,menstruation
222611,Paris
222611,polygamy
222611,puberty
222611,school
222611,sexuality
222611,social media
222611,wedding
278980,coming of age
229483,black actors
229483,black history
229483,civil rights
229483,dialogue driven
229483,female director
229483,fictional history
229483,one-room
229483,thought-provoking
257037,foreign film
257037,husband wife relationship
257037,interesting characters
257037,japanese
257037,mourning
257037,multilingual
257037,sign language
257037,theatre play
257037,too long
257037,well constructed
278838,abortion
278838,debut film
278838,female protagonist
278838,neo-nazi
278838,pregnant woman
278838,prisoner of war
278838,PTSD
278838,racism
278838,sexual assault
278838,soldier
278838,torture
278838,trauma
278838,traumatic experience
278838,traumatized protagonist
278838,traumatized woman
278838,ukraine
278838,ukrainian
278838,unwanted pregnancy
278838,war
281808,animal
281808,animal cruelty
281808,beautifully filmed
281808,boring
281808,cinematography
281808,donkey
281808,foreign language
281808,Polish Film School
281808,Polish movie
281808,sad ending
281808,surreal
286259,80s
286259,family relationships
286259,martial law
286259,Poland
286259,Polish Film School
286259,Polish movie
286259,satire
286259,social commentary
212511,Acting 
212511,blindness
212511,cold open
212511,dialogue
215353,1980s
215353,american dream
215353,faith
215353,family relationships
215353,farm
215353,soundtrack
215353,visuals
236117,sex
251206,crying
251206,infidelity
251206,Islam
251206,Nathalie Richard
251206,slow
267456,4:3 aspect ratio
267456,acting
267456,Darren Aronofsky
267456,dialogue
267456,eating
267456,emotional
267456,family relationships
267456,homosexuality
267456,loss
267456,single location
270878,nontraditional relationship
270878,poignant
270904,artists
270904,black and white
270904,coincidence
270904,dialogue driven
270904,filmmaking
270904,meta
270904,mumblecore
275515,child actors
275515,coming of age
275515,crying
275515,farming
275515,France
275515,guilt
275515,Love 
275515,shaky cam
275515,shallow depth of field
275515,slow
275515,suicide
278980,1960s
278980,autobiographical
278980,infidelity
278980,Michelle Williams
279710,abuse
279710,costume
279710,cult
279710,dialogue driven
279710,Jessie Buckley
279710,religion
279710,title
279710,women
282527,acting
282527,maine
228919,comedy
228919,competition
228919,dirtbike
228919,dragrace
228919,family
228919,hillbilly
228919,motorcross
228919,racing
228919,redneck
228919,romance
279268,true crime
215353,american dream
215353,arkansas
215353,child protagonist
215353,Christianity
215353,church
215353,debt
215353,dowsing
215353,drought
215353,entrepreneur
215353,family tension
215353,farm
215353,farm debt
215353,farmer
215353,fire
215353,folk medicine
215353,grandmother
215353,grandmother grandson relationship
215353,heart disease
215353,husband wife relationship
215353,korean american
215353,migration
215353,mobile home
215353,rural setting
225625,amazon prime
266788,disjointed
266788,Jessie Buckley
266788,nothing happens
266788,thought-provoking
266788,Useless characters
266788,well acted
213898,abortion
213898,feminism
213898,pandering
213898,slow burn
213898,teenage pregnancy
222591,chess
222591,diversity
222591,john leguizamo
222591,pandering
222591,social justice
223031,comedy
223031,drugs
223031,parody
223031,Vince Vaughn
226742,comedy
226742,interracial relationship
226742,stand up comedy
229207,conspiracy theory
229207,immigration
229207,pandering
229207,psychological
239390,interracial love
239390,interracial romance
279710,cringe
279710,cringey
279710,feminism
279710,woke
264880,based on a book
264880,Cartel
264880,coming of age
264880,Drama
264880,Drugs
264880,human trafficking
264880,innocence
264880,Jalisco
264880,Mexico
264880,stunning cinematography
278980,1960s
278980,coming of age
278980,high school
278980,Movies
247894,4k
262099,Comedy 
262099,COVID-19
264319,Rajkumar Rao
233573,addiction
233573,drug addiction
233573,glenn close
233573,mila kunis
233573,mother daughter
222591,based on a true story
222591,chess
222591,competition
222591,teacher
225145,based on a book
225145,realism
225145,RV
225145,warehouse
225625,mockumentary
225625,sequel
229483,based on a play
229483,directorial debut
242064,based on a true story
242064,Canadian
242064,coming of age
242064,female director
242064,Oka Crisis
242064,racism
242064,truth or dare
243412,dark comedy
243412,Istanbul
243412,lockdown
243412,Turkish
257037,audition
257037,based on a book
257037,driver
257037,Hiroshima
257037,infidelity
257037,Japanese
257037,sign language
257037,survivor's guilt
257037,theater
258881,black and white
258881,uncle-nephew relationship
276295,homosexuality
276295,sex worker
278980,filmmaker
285833,dark comedy
285833,high school
245136,coming of age
245136,LGBTQ+
245136,school shooting
223934,forbidden love
223934,German
223934,Homosexuality
223934,Love story
210469,business
210469,female lead
210469,investors
210469,startup
210469,startups
210469,strong female lead
221302,god
221302,love
221302,religion
215353,1980s
215353,american dream
215353,arkansas
215353,cultural differences
215353,drama
215353,family tension
215353,farm
215353,farmer
215353,farmland
215353,fire
215353,grandmother
215353,husband wife relationship
215353,korean american
215353,mobile home
215353,rural setting
215353,slice of life
224338,birth
224338,Boston
224338,death
224338,drama
224338,grief
224338,home birth
224338,loss
224338,loss of a child
224338,marriage crisis
224338,Massachusetts
224338,midwife
224338,motherhood
225145,American West
225145,arizona
225145,badlands
225145,based on novel or book
225145,california
225145,community
225145,death of a spouse
225145,existential
225145,female director
225145,grief
225145,homeless
225145,Homelessness 
225145,landscape
225145,lifestyle
225145,nevada
225145,nomadism
225145,Oscar (Best Directing)
225145,Oscar (Best Picture)
225145,realistic
225145,recession
225145,South Dakota
225145,unemployment
225145,van
225145,vanlife
236117,california
236117,drama
236117,exploitation
236117,female director
236117,female friendship
236117,Los Angeles
236117,los angeles california
236117,porn
236117,porn industry
236117,porn star
236117,pornography
257037,based on a play
257037,driver
257037,grief
257037,husband wife relationship
257037,infidelity
257037,japanese
257037,loss
257037,loss of loved one
257037,sign language
257037,slow
257037,slow paced
257037,theater
257037,theatre play
257037,too long
257037,widower
259751,bisexual
259751,drama
259751,motherhood
259751,photographer
259751,rape
259751,single mother
259751,Spanish Civil War
259751,switched at birth
261513,ballerina
261513,ballet
261513,ballet school
261513,competition
261513,dance
261513,dancing
261513,drama
261513,France
265150,apartment
265150,based on a play
265150,boring
265150,dialogue driven
265150,drama
265150,family
265150,family dinner
265150,holiday
265150,Manhattan
265150,manhattan new york city
265150,New York City
265150,NYC
265150,thanksgiving
279710,based on a novel
279710,female director
279710,meeting
279710,rape
279710,religion
279710,sexual assault
233573,drug addiction
233573,Glenn Close
233573,hospital
233573,Mila Kunis
233573,mother daughter relationship
233573,recovery
266788,beach
266788,mother-daughter relationships
266788,phsycological
266788,thriller
266788,vacation
272483,covid 19
272483,dull
272483,slow
280260,drama
280260,slow
281294,comedy
278314,stupid plot
